address,symbol,prediction
0x05af269c4ff706ae439648c97b788fa391539dec,1INCH,0.021374227
0x05af269c4ff706ae439648c97b788fa391539dec,AAVE,0.024805693
0x05af269c4ff706ae439648c97b788fa391539dec,ADA,0.05679881
0x05af269c4ff706ae439648c97b788fa391539dec,ALGO,0.052105565
0x05af269c4ff706ae439648c97b788fa391539dec,ATOM,0.019829271
0x05af269c4ff706ae439648c97b788fa391539dec,AVAX,-0.010861598
0x05af269c4ff706ae439648c97b788fa391539dec,BCH,0.0123993205
0x05af269c4ff706ae439648c97b788fa391539dec,BTC,0.050182987
0x05af269c4ff706ae439648c97b788fa391539dec,CELO,0.017968966
0x05af269c4ff706ae439648c97b788fa391539dec,COMP,0.011720264
0x05af269c4ff706ae439648c97b788fa391539dec,CRV,0.018597338
0x05af269c4ff706ae439648c97b788fa391539dec,DOGE,0.048443787
0x05af269c4ff706ae439648c97b788fa391539dec,DOT,0.009430911
0x05af269c4ff706ae439648c97b788fa391539dec,ENJ,0.014733189
0x05af269c4ff706ae439648c97b788fa391539dec,EOS,0.029293614
0x05af269c4ff706ae439648c97b788fa391539dec,ETC,0.03596616
0x05af269c4ff706ae439648c97b788fa391539dec,ETH,0.04798263
0x05af269c4ff706ae439648c97b788fa391539dec,FIL,0.005371292
0x05af269c4ff706ae439648c97b788fa391539dec,ICP,-0.0014618672
0x05af269c4ff706ae439648c97b788fa391539dec,LINK,0.027169306
0x05af269c4ff706ae439648c97b788fa391539dec,LTC,0.048261315
0x05af269c4ff706ae439648c97b788fa391539dec,MATIC,0.0056190537
0x05af269c4ff706ae439648c97b788fa391539dec,MKR,-0.007803143
0x05af269c4ff706ae439648c97b788fa391539dec,NEAR,0.045500197
0x05af269c4ff706ae439648c97b788fa391539dec,RUNE,0.016622797
0x05af269c4ff706ae439648c97b788fa391539dec,SNX,0.0046400987
0x05af269c4ff706ae439648c97b788fa391539dec,SOL,0.03523415
0x05af269c4ff706ae439648c97b788fa391539dec,SUSHI,0.011178596
0x05af269c4ff706ae439648c97b788fa391539dec,TRX,0.0069279056
0x05af269c4ff706ae439648c97b788fa391539dec,UMA,0.0010347441
0x05af269c4ff706ae439648c97b788fa391539dec,UNI,0.016786583
0x05af269c4ff706ae439648c97b788fa391539dec,XLM,-0.02077159
0x05af269c4ff706ae439648c97b788fa391539dec,XMR,0.044162802
0x05af269c4ff706ae439648c97b788fa391539dec,XTZ,0.0036551382
0x05af269c4ff706ae439648c97b788fa391539dec,YFI,0.020856965
0x05af269c4ff706ae439648c97b788fa391539dec,ZEC,-0.026083121
0x05af269c4ff706ae439648c97b788fa391539dec,ZRX,0.004766024
0x0651efb6e070e659c6e030cea8d5e25b016d684e,1INCH,0.5439976
0x0651efb6e070e659c6e030cea8d5e25b016d684e,AAVE,0.54658055
0x0651efb6e070e659c6e030cea8d5e25b016d684e,ADA,0.56085885
0x0651efb6e070e659c6e030cea8d5e25b016d684e,ALGO,0.58311707
0x0651efb6e070e659c6e030cea8d5e25b016d684e,ATOM,0.57960165
0x0651efb6e070e659c6e030cea8d5e25b016d684e,AVAX,0.54282105
0x0651efb6e070e659c6e030cea8d5e25b016d684e,BCH,0.57509124
0x0651efb6e070e659c6e030cea8d5e25b016d684e,BTC,0.59665173
0x0651efb6e070e659c6e030cea8d5e25b016d684e,CELO,0.5628666
0x0651efb6e070e659c6e030cea8d5e25b016d684e,COMP,0.5564166
0x0651efb6e070e659c6e030cea8d5e25b016d684e,CRV,0.52813333
0x0651efb6e070e659c6e030cea8d5e25b016d684e,DOGE,0.59322274
0x0651efb6e070e659c6e030cea8d5e25b016d684e,DOT,0.56647193
0x0651efb6e070e659c6e030cea8d5e25b016d684e,ENJ,0.55169314
0x0651efb6e070e659c6e030cea8d5e25b016d684e,EOS,0.5546379
0x0651efb6e070e659c6e030cea8d5e25b016d684e,ETC,0.59515023
0x0651efb6e070e659c6e030cea8d5e25b016d684e,ETH,0.5700763
0x0651efb6e070e659c6e030cea8d5e25b016d684e,FIL,0.5579135
0x0651efb6e070e659c6e030cea8d5e25b016d684e,ICP,0.51187986
0x0651efb6e070e659c6e030cea8d5e25b016d684e,LINK,0.55333513
0x0651efb6e070e659c6e030cea8d5e25b016d684e,LTC,0.5430324
0x0651efb6e070e659c6e030cea8d5e25b016d684e,MATIC,0.5628742
0x0651efb6e070e659c6e030cea8d5e25b016d684e,MKR,0.55415314
0x0651efb6e070e659c6e030cea8d5e25b016d684e,NEAR,0.5796166
0x0651efb6e070e659c6e030cea8d5e25b016d684e,RUNE,0.5313116
0x0651efb6e070e659c6e030cea8d5e25b016d684e,SNX,0.35821372
0x0651efb6e070e659c6e030cea8d5e25b016d684e,SOL,0.54485285
0x0651efb6e070e659c6e030cea8d5e25b016d684e,SUSHI,0.55973566
0x0651efb6e070e659c6e030cea8d5e25b016d684e,TRX,0.54350096
0x0651efb6e070e659c6e030cea8d5e25b016d684e,UMA,0.49206823
0x0651efb6e070e659c6e030cea8d5e25b016d684e,UNI,0.5901207
0x0651efb6e070e659c6e030cea8d5e25b016d684e,XLM,0.56495637
0x0651efb6e070e659c6e030cea8d5e25b016d684e,XMR,0.57799715
0x0651efb6e070e659c6e030cea8d5e25b016d684e,XTZ,0.56436485
0x0651efb6e070e659c6e030cea8d5e25b016d684e,YFI,0.53242046
0x0651efb6e070e659c6e030cea8d5e25b016d684e,ZEC,0.5468692
0x0651efb6e070e659c6e030cea8d5e25b016d684e,ZRX,0.53643596
0x181a5bac1f070befbba81a97b68d0e788b4f9189,1INCH,0.016761847
0x181a5bac1f070befbba81a97b68d0e788b4f9189,AAVE,0.007928062
0x181a5bac1f070befbba81a97b68d0e788b4f9189,ADA,0.02688246
0x181a5bac1f070befbba81a97b68d0e788b4f9189,ALGO,0.035462193
0x181a5bac1f070befbba81a97b68d0e788b4f9189,ATOM,-0.0052996594
0x181a5bac1f070befbba81a97b68d0e788b4f9189,AVAX,0.0014060717
0x181a5bac1f070befbba81a97b68d0e788b4f9189,BCH,0.005336658
0x181a5bac1f070befbba81a97b68d0e788b4f9189,BTC,0.013888124
0x181a5bac1f070befbba81a97b68d0e788b4f9189,CELO,-0.013190239
0x181a5bac1f070befbba81a97b68d0e788b4f9189,COMP,0.0054399665
0x181a5bac1f070befbba81a97b68d0e788b4f9189,CRV,0.008874038
0x181a5bac1f070befbba81a97b68d0e788b4f9189,DOGE,0.016422201
0x181a5bac1f070befbba81a97b68d0e788b4f9189,DOT,0.008032612
0x181a5bac1f070befbba81a97b68d0e788b4f9189,ENJ,-0.019671127
0x181a5bac1f070befbba81a97b68d0e788b4f9189,EOS,0.01969679
0x181a5bac1f070befbba81a97b68d0e788b4f9189,ETC,0.02815974
0x181a5bac1f070befbba81a97b68d0e788b4f9189,ETH,0.023529604
0x181a5bac1f070befbba81a97b68d0e788b4f9189,FIL,-0.00042349612
0x181a5bac1f070befbba81a97b68d0e788b4f9189,ICP,-0.0040424103
0x181a5bac1f070befbba81a97b68d0e788b4f9189,LINK,0.018034538
0x181a5bac1f070befbba81a97b68d0e788b4f9189,LTC,0.032482877
0x181a5bac1f070befbba81a97b68d0e788b4f9189,MATIC,-0.0066710385
0x181a5bac1f070befbba81a97b68d0e788b4f9189,MKR,0.0066705346
0x181a5bac1f070befbba81a97b68d0e788b4f9189,NEAR,0.03717319
0x181a5bac1f070befbba81a97b68d0e788b4f9189,RUNE,-0.004799973
0x181a5bac1f070befbba81a97b68d0e788b4f9189,SNX,-0.024449807
0x181a5bac1f070befbba81a97b68d0e788b4f9189,SOL,0.020088779
0x181a5bac1f070befbba81a97b68d0e788b4f9189,SUSHI,0.00051387516
0x181a5bac1f070befbba81a97b68d0e788b4f9189,TRX,0.009846816
0x181a5bac1f070befbba81a97b68d0e788b4f9189,UMA,0.023881847
0x181a5bac1f070befbba81a97b68d0e788b4f9189,UNI,0.010751316
0x181a5bac1f070befbba81a97b68d0e788b4f9189,XLM,-0.0028567286
0x181a5bac1f070befbba81a97b68d0e788b4f9189,XMR,0.022364477
0x181a5bac1f070befbba81a97b68d0e788b4f9189,XTZ,0.023866765
0x181a5bac1f070befbba81a97b68d0e788b4f9189,YFI,-0.0027440093
0x181a5bac1f070befbba81a97b68d0e788b4f9189,ZEC,-0.038891345
0x181a5bac1f070befbba81a97b68d0e788b4f9189,ZRX,-0.006722228
0x1be48b2b7594fe7e47701bc7e7bb83beaf84ecc0,1INCH,0.010768771
0x1be48b2b7594fe7e47701bc7e7bb83beaf84ecc0,AAVE,0.015272498
0x1be48b2b7594fe7e47701bc7e7bb83beaf84ecc0,ADA,0.009009838
0x1be48b2b7594fe7e47701bc7e7bb83beaf84ecc0,ALGO,-0.008506119
0x1be48b2b7594fe7e47701bc7e7bb83beaf84ecc0,ATOM,0.0038901567
0x1be48b2b7594fe7e47701bc7e7bb83beaf84ecc0,AVAX,0.011679649
0x1be48b2b7594fe7e47701bc7e7bb83beaf84ecc0,BCH,-0.012428105
0x1be48b2b7594fe7e47701bc7e7bb83beaf84ecc0,BTC,-0.008498371
0x1be48b2b7594fe7e47701bc7e7bb83beaf84ecc0,CELO,-0.008060753
0x1be48b2b7594fe7e47701bc7e7bb83beaf84ecc0,COMP,-0.00908941
0x1be48b2b7594fe7e47701bc7e7bb83beaf84ecc0,CRV,0.0067275763
0x1be48b2b7594fe7e47701bc7e7bb83beaf84ecc0,DOGE,0.007019758
0x1be48b2b7594fe7e47701bc7e7bb83beaf84ecc0,DOT,0.011480451
0x1be48b2b7594fe7e47701bc7e7bb83beaf84ecc0,ENJ,-0.0062915087
0x1be48b2b7594fe7e47701bc7e7bb83beaf84ecc0,EOS,0.0054210424
0x1be48b2b7594fe7e47701bc7e7bb83beaf84ecc0,ETC,-0.006275058
0x1be48b2b7594fe7e47701bc7e7bb83beaf84ecc0,ETH,-0.008050144
0x1be48b2b7594fe7e47701bc7e7bb83beaf84ecc0,FIL,-0.00071924925
0x1be48b2b7594fe7e47701bc7e7bb83beaf84ecc0,ICP,-0.017632723
0x1be48b2b7594fe7e47701bc7e7bb83beaf84ecc0,LINK,0.0069921017
0x1be48b2b7594fe7e47701bc7e7bb83beaf84ecc0,LTC,-0.00012522936
0x1be48b2b7594fe7e47701bc7e7bb83beaf84ecc0,MATIC,-0.006905198
0x1be48b2b7594fe7e47701bc7e7bb83beaf84ecc0,MKR,0.01023066
0x1be48b2b7594fe7e47701bc7e7bb83beaf84ecc0,NEAR,-0.0040197372
0x1be48b2b7594fe7e47701bc7e7bb83beaf84ecc0,RUNE,0.011880279
0x1be48b2b7594fe7e47701bc7e7bb83beaf84ecc0,SNX,-0.02072376
0x1be48b2b7594fe7e47701bc7e7bb83beaf84ecc0,SOL,-0.018979669
0x1be48b2b7594fe7e47701bc7e7bb83beaf84ecc0,SUSHI,-0.015199423
0x1be48b2b7594fe7e47701bc7e7bb83beaf84ecc0,TRX,-0.026313901
0x1be48b2b7594fe7e47701bc7e7bb83beaf84ecc0,UMA,-0.028791666
0x1be48b2b7594fe7e47701bc7e7bb83beaf84ecc0,UNI,-0.0020605326
0x1be48b2b7594fe7e47701bc7e7bb83beaf84ecc0,XLM,0.004609704
0x1be48b2b7594fe7e47701bc7e7bb83beaf84ecc0,XMR,-0.017850578
0x1be48b2b7594fe7e47701bc7e7bb83beaf84ecc0,XTZ,0.009793162
0x1be48b2b7594fe7e47701bc7e7bb83beaf84ecc0,YFI,-0.01689595
0x1be48b2b7594fe7e47701bc7e7bb83beaf84ecc0,ZEC,-0.0028882623
0x1be48b2b7594fe7e47701bc7e7bb83beaf84ecc0,ZRX,-0.011549532
0x21b1602a4fd988b44d0f5a54b3ba248069c448ea,1INCH,0.0502745910382664
0x21b1602a4fd988b44d0f5a54b3ba248069c448ea,AAVE,-0.0858425750272261
0x21b1602a4fd988b44d0f5a54b3ba248069c448ea,ADA,-0.2915329283545781
0x21b1602a4fd988b44d0f5a54b3ba248069c448ea,ALGO,-0.1349768484083575
0x21b1602a4fd988b44d0f5a54b3ba248069c448ea,ATOM,-0.0749132863272207
0x21b1602a4fd988b44d0f5a54b3ba248069c448ea,AVAX,0.0439499747970623
0x21b1602a4fd988b44d0f5a54b3ba248069c448ea,BCH,-0.0473159328769731
0x21b1602a4fd988b44d0f5a54b3ba248069c448ea,BTC,0.1135514482700901
0x21b1602a4fd988b44d0f5a54b3ba248069c448ea,CELO,-0.16857362930271
0x21b1602a4fd988b44d0f5a54b3ba248069c448ea,COMP,-0.0166328738814671
0x21b1602a4fd988b44d0f5a54b3ba248069c448ea,CRV,-0.0837120343516473
0x21b1602a4fd988b44d0f5a54b3ba248069c448ea,DOGE,-0.0821631783863239
0x21b1602a4fd988b44d0f5a54b3ba248069c448ea,DOT,-0.1904347870974878
0x21b1602a4fd988b44d0f5a54b3ba248069c448ea,ENJ,-0.0271162381127734
0x21b1602a4fd988b44d0f5a54b3ba248069c448ea,EOS,0.0107689618714804
0x21b1602a4fd988b44d0f5a54b3ba248069c448ea,ETC,0.1911039227000301
0x21b1602a4fd988b44d0f5a54b3ba248069c448ea,ETH,-0.4145152283552235
0x21b1602a4fd988b44d0f5a54b3ba248069c448ea,FIL,-0.0065131298263238
0x21b1602a4fd988b44d0f5a54b3ba248069c448ea,ICP,-0.0560096618953425
0x21b1602a4fd988b44d0f5a54b3ba248069c448ea,LINK,0.1398667578978192
0x21b1602a4fd988b44d0f5a54b3ba248069c448ea,LTC,0.0894272516535307
0x21b1602a4fd988b44d0f5a54b3ba248069c448ea,MATIC,0.2395613165633762
0x21b1602a4fd988b44d0f5a54b3ba248069c448ea,MKR,0.0159095749845506
0x21b1602a4fd988b44d0f5a54b3ba248069c448ea,NEAR,-0.3266178441590011
0x21b1602a4fd988b44d0f5a54b3ba248069c448ea,RUNE,0.0067742337404547
0x21b1602a4fd988b44d0f5a54b3ba248069c448ea,SNX,0.0992708447092991
0x21b1602a4fd988b44d0f5a54b3ba248069c448ea,SOL,0.0066527434331094
0x21b1602a4fd988b44d0f5a54b3ba248069c448ea,SUSHI,0.0945191697530925
0x21b1602a4fd988b44d0f5a54b3ba248069c448ea,TRX,-0.2730601667331588
0x21b1602a4fd988b44d0f5a54b3ba248069c448ea,UMA,-0.0536010553760646
0x21b1602a4fd988b44d0f5a54b3ba248069c448ea,UNI,-0.0630848878146998
0x21b1602a4fd988b44d0f5a54b3ba248069c448ea,XLM,-0.0353463088117608
0x21b1602a4fd988b44d0f5a54b3ba248069c448ea,XMR,0.1305756686333741
0x21b1602a4fd988b44d0f5a54b3ba248069c448ea,XTZ,-0.2527114711274971
0x21b1602a4fd988b44d0f5a54b3ba248069c448ea,YFI,-0.1495102968883626
0x21b1602a4fd988b44d0f5a54b3ba248069c448ea,ZEC,-0.2350328665334922
0x21b1602a4fd988b44d0f5a54b3ba248069c448ea,ZRX,0.1567685469886579
0x2e85c8101e01810adb4c1f6e878d7b0d8bbd70a1,1INCH,0.00806718095
0x2e85c8101e01810adb4c1f6e878d7b0d8bbd70a1,AAVE,0.0236565955
0x2e85c8101e01810adb4c1f6e878d7b0d8bbd70a1,ADA,0.01957418475
0x2e85c8101e01810adb4c1f6e878d7b0d8bbd70a1,ALGO,0.0069717600499999
0x2e85c8101e01810adb4c1f6e878d7b0d8bbd70a1,ATOM,-0.00985456002
0x2e85c8101e01810adb4c1f6e878d7b0d8bbd70a1,AVAX,0.00721717455
0x2e85c8101e01810adb4c1f6e878d7b0d8bbd70a1,BCH,0.0537762378
0x2e85c8101e01810adb4c1f6e878d7b0d8bbd70a1,BTC,0.03519530885
0x2e85c8101e01810adb4c1f6e878d7b0d8bbd70a1,CELO,0.000347154
0x2e85c8101e01810adb4c1f6e878d7b0d8bbd70a1,COMP,0.00668821635
0x2e85c8101e01810adb4c1f6e878d7b0d8bbd70a1,CRV,0.0025516969999999
0x2e85c8101e01810adb4c1f6e878d7b0d8bbd70a1,DOGE,0.005914815
0x2e85c8101e01810adb4c1f6e878d7b0d8bbd70a1,DOT,0.0118684504999999
0x2e85c8101e01810adb4c1f6e878d7b0d8bbd70a1,ENJ,0.00596160495
0x2e85c8101e01810adb4c1f6e878d7b0d8bbd70a1,EOS,0.0179195659999999
0x2e85c8101e01810adb4c1f6e878d7b0d8bbd70a1,ETC,-0.007091468
0x2e85c8101e01810adb4c1f6e878d7b0d8bbd70a1,ETH,-0.0109179137
0x2e85c8101e01810adb4c1f6e878d7b0d8bbd70a1,FIL,0.0079842017
0x2e85c8101e01810adb4c1f6e878d7b0d8bbd70a1,ICP,-0.0030792884999999
0x2e85c8101e01810adb4c1f6e878d7b0d8bbd70a1,LINK,0.01421153075
0x2e85c8101e01810adb4c1f6e878d7b0d8bbd70a1,LTC,0.03010932
0x2e85c8101e01810adb4c1f6e878d7b0d8bbd70a1,MATIC,0.014029723
0x2e85c8101e01810adb4c1f6e878d7b0d8bbd70a1,MKR,0.0184963495
0x2e85c8101e01810adb4c1f6e878d7b0d8bbd70a1,NEAR,0.0101192822
0x2e85c8101e01810adb4c1f6e878d7b0d8bbd70a1,RUNE,0.00963190157
0x2e85c8101e01810adb4c1f6e878d7b0d8bbd70a1,SNX,-0.00617785125
0x2e85c8101e01810adb4c1f6e878d7b0d8bbd70a1,SOL,0.01090108769
0x2e85c8101e01810adb4c1f6e878d7b0d8bbd70a1,SUSHI,-0.004077429
0x2e85c8101e01810adb4c1f6e878d7b0d8bbd70a1,TRX,-0.0090477405
0x2e85c8101e01810adb4c1f6e878d7b0d8bbd70a1,UMA,0.0045441401
0x2e85c8101e01810adb4c1f6e878d7b0d8bbd70a1,UNI,0.00338783178
0x2e85c8101e01810adb4c1f6e878d7b0d8bbd70a1,XLM,-0.0026650885
0x2e85c8101e01810adb4c1f6e878d7b0d8bbd70a1,XMR,0.0108806445
0x2e85c8101e01810adb4c1f6e878d7b0d8bbd70a1,XTZ,0.023976313
0x2e85c8101e01810adb4c1f6e878d7b0d8bbd70a1,YFI,-0.0032418594999999
0x2e85c8101e01810adb4c1f6e878d7b0d8bbd70a1,ZEC,-0.014740384
0x2e85c8101e01810adb4c1f6e878d7b0d8bbd70a1,ZRX,0.00484869655
0x3e04d3e08ea54c34f721ac007107fe7a4bd957d5,1INCH,0.004208684
0x3e04d3e08ea54c34f721ac007107fe7a4bd957d5,AAVE,-0.0007933378
0x3e04d3e08ea54c34f721ac007107fe7a4bd957d5,ADA,0.006113887
0x3e04d3e08ea54c34f721ac007107fe7a4bd957d5,ALGO,0.0079597235
0x3e04d3e08ea54c34f721ac007107fe7a4bd957d5,ATOM,-0.011401534
0x3e04d3e08ea54c34f721ac007107fe7a4bd957d5,AVAX,0.021609902
0x3e04d3e08ea54c34f721ac007107fe7a4bd957d5,BCH,-0.0082169175
0x3e04d3e08ea54c34f721ac007107fe7a4bd957d5,BTC,-0.00038290024
0x3e04d3e08ea54c34f721ac007107fe7a4bd957d5,CELO,-0.005038142
0x3e04d3e08ea54c34f721ac007107fe7a4bd957d5,COMP,-0.0019496083
0x3e04d3e08ea54c34f721ac007107fe7a4bd957d5,CRV,0.017150879
0x3e04d3e08ea54c34f721ac007107fe7a4bd957d5,DOGE,0.0069191456
0x3e04d3e08ea54c34f721ac007107fe7a4bd957d5,DOT,0.017463207
0x3e04d3e08ea54c34f721ac007107fe7a4bd957d5,ENJ,-0.0005605817
0x3e04d3e08ea54c34f721ac007107fe7a4bd957d5,EOS,0.010284662
0x3e04d3e08ea54c34f721ac007107fe7a4bd957d5,ETC,-0.005394578
0x3e04d3e08ea54c34f721ac007107fe7a4bd957d5,ETH,0.004566431
0x3e04d3e08ea54c34f721ac007107fe7a4bd957d5,FIL,0.009235978
0x3e04d3e08ea54c34f721ac007107fe7a4bd957d5,ICP,-0.012247086
0x3e04d3e08ea54c34f721ac007107fe7a4bd957d5,LINK,0.010937691
0x3e04d3e08ea54c34f721ac007107fe7a4bd957d5,LTC,-0.009086251
0x3e04d3e08ea54c34f721ac007107fe7a4bd957d5,MATIC,-0.011938393
0x3e04d3e08ea54c34f721ac007107fe7a4bd957d5,MKR,0.0032966137
0x3e04d3e08ea54c34f721ac007107fe7a4bd957d5,NEAR,0.00944972
0x3e04d3e08ea54c34f721ac007107fe7a4bd957d5,RUNE,0.0062497854
0x3e04d3e08ea54c34f721ac007107fe7a4bd957d5,SNX,-0.017570138
0x3e04d3e08ea54c34f721ac007107fe7a4bd957d5,SOL,-0.024937093
0x3e04d3e08ea54c34f721ac007107fe7a4bd957d5,SUSHI,0.00015628338
0x3e04d3e08ea54c34f721ac007107fe7a4bd957d5,TRX,-0.02184689
0x3e04d3e08ea54c34f721ac007107fe7a4bd957d5,UMA,-0.014110267
0x3e04d3e08ea54c34f721ac007107fe7a4bd957d5,UNI,-0.00008445978
0x3e04d3e08ea54c34f721ac007107fe7a4bd957d5,XLM,-0.0010630488
0x3e04d3e08ea54c34f721ac007107fe7a4bd957d5,XMR,-0.0082798
0x3e04d3e08ea54c34f721ac007107fe7a4bd957d5,XTZ,0.009512782
0x3e04d3e08ea54c34f721ac007107fe7a4bd957d5,YFI,-0.004720032
0x3e04d3e08ea54c34f721ac007107fe7a4bd957d5,ZEC,0.0019258261
0x3e04d3e08ea54c34f721ac007107fe7a4bd957d5,ZRX,-0.009259641
0x427ae6048c7d2ded45a07ea46f2873d0f9dddb35,1INCH,0.0480958569478871
0x427ae6048c7d2ded45a07ea46f2873d0f9dddb35,AAVE,-0.0509989727124223
0x427ae6048c7d2ded45a07ea46f2873d0f9dddb35,ADA,-0.2482047090928829
0x427ae6048c7d2ded45a07ea46f2873d0f9dddb35,ALGO,-0.1038087069186467
0x427ae6048c7d2ded45a07ea46f2873d0f9dddb35,ATOM,-0.0605545094741613
0x427ae6048c7d2ded45a07ea46f2873d0f9dddb35,AVAX,0.0456160423274742
0x427ae6048c7d2ded45a07ea46f2873d0f9dddb35,BCH,-0.0314907220125653
0x427ae6048c7d2ded45a07ea46f2873d0f9dddb35,BTC,0.1021317078181769
0x427ae6048c7d2ded45a07ea46f2873d0f9dddb35,CELO,-0.1285699454812728
0x427ae6048c7d2ded45a07ea46f2873d0f9dddb35,COMP,0.0024544118991653
0x427ae6048c7d2ded45a07ea46f2873d0f9dddb35,CRV,-0.0366720040115145
0x427ae6048c7d2ded45a07ea46f2873d0f9dddb35,DOGE,-0.0939732137954327
0x427ae6048c7d2ded45a07ea46f2873d0f9dddb35,DOT,-0.1604888396169239
0x427ae6048c7d2ded45a07ea46f2873d0f9dddb35,ENJ,-0.023117533076422
0x427ae6048c7d2ded45a07ea46f2873d0f9dddb35,EOS,0.020464637017309
0x427ae6048c7d2ded45a07ea46f2873d0f9dddb35,ETC,0.1435308527858712
0x427ae6048c7d2ded45a07ea46f2873d0f9dddb35,ETH,-0.3714549618781255
0x427ae6048c7d2ded45a07ea46f2873d0f9dddb35,FIL,-0.0158417042270129
0x427ae6048c7d2ded45a07ea46f2873d0f9dddb35,ICP,-0.0786929621885803
0x427ae6048c7d2ded45a07ea46f2873d0f9dddb35,LINK,0.1635002759538887
0x427ae6048c7d2ded45a07ea46f2873d0f9dddb35,LTC,0.0857781127315785
0x427ae6048c7d2ded45a07ea46f2873d0f9dddb35,MATIC,0.2236047200316803
0x427ae6048c7d2ded45a07ea46f2873d0f9dddb35,MKR,0.0463428172537056
0x427ae6048c7d2ded45a07ea46f2873d0f9dddb35,NEAR,-0.2655660556084023
0x427ae6048c7d2ded45a07ea46f2873d0f9dddb35,RUNE,-0.0077863184165794
0x427ae6048c7d2ded45a07ea46f2873d0f9dddb35,SNX,0.102071267384866
0x427ae6048c7d2ded45a07ea46f2873d0f9dddb35,SOL,0.0024454696878695
0x427ae6048c7d2ded45a07ea46f2873d0f9dddb35,SUSHI,0.06811056886702
0x427ae6048c7d2ded45a07ea46f2873d0f9dddb35,TRX,-0.2307068311288145
0x427ae6048c7d2ded45a07ea46f2873d0f9dddb35,UMA,-0.0478386512659805
0x427ae6048c7d2ded45a07ea46f2873d0f9dddb35,UNI,-0.0945513092118755
0x427ae6048c7d2ded45a07ea46f2873d0f9dddb35,XLM,-0.0341476443231355
0x427ae6048c7d2ded45a07ea46f2873d0f9dddb35,XMR,0.1114294588180392
0x427ae6048c7d2ded45a07ea46f2873d0f9dddb35,XTZ,-0.2157387997298453
0x427ae6048c7d2ded45a07ea46f2873d0f9dddb35,YFI,-0.1267908239134652
0x427ae6048c7d2ded45a07ea46f2873d0f9dddb35,ZEC,-0.2036323607858322
0x427ae6048c7d2ded45a07ea46f2873d0f9dddb35,ZRX,0.1296559783725349
0x49451c6af70feef6ef29b8c78bc17d4bdaf9fdaa,1INCH,0.0204883939426473
0x49451c6af70feef6ef29b8c78bc17d4bdaf9fdaa,AAVE,0.0204883939426473
0x49451c6af70feef6ef29b8c78bc17d4bdaf9fdaa,ADA,0.0203993888940015
0x49451c6af70feef6ef29b8c78bc17d4bdaf9fdaa,ALGO,0.0204883939426473
0x49451c6af70feef6ef29b8c78bc17d4bdaf9fdaa,ATOM,0.0204148522548644
0x49451c6af70feef6ef29b8c78bc17d4bdaf9fdaa,AVAX,0.0203993888940015
0x49451c6af70feef6ef29b8c78bc17d4bdaf9fdaa,BCH,0.0204541873865465
0x49451c6af70feef6ef29b8c78bc17d4bdaf9fdaa,BTC,0.0204148522548644
0x49451c6af70feef6ef29b8c78bc17d4bdaf9fdaa,CELO,0.0204883939426473
0x49451c6af70feef6ef29b8c78bc17d4bdaf9fdaa,COMP,0.0204530035610318
0x49451c6af70feef6ef29b8c78bc17d4bdaf9fdaa,CRV,0.0204883939426473
0x49451c6af70feef6ef29b8c78bc17d4bdaf9fdaa,DOGE,0.0204883939426473
0x49451c6af70feef6ef29b8c78bc17d4bdaf9fdaa,DOT,0.0203993888940015
0x49451c6af70feef6ef29b8c78bc17d4bdaf9fdaa,ENJ,0.0204883939426473
0x49451c6af70feef6ef29b8c78bc17d4bdaf9fdaa,EOS,0.0204883939426473
0x49451c6af70feef6ef29b8c78bc17d4bdaf9fdaa,ETC,0.0204148522548644
0x49451c6af70feef6ef29b8c78bc17d4bdaf9fdaa,ETH,0.0204541873865465
0x49451c6af70feef6ef29b8c78bc17d4bdaf9fdaa,FIL,0.0204530035610318
0x49451c6af70feef6ef29b8c78bc17d4bdaf9fdaa,ICP,0.0203639985123861
0x49451c6af70feef6ef29b8c78bc17d4bdaf9fdaa,LINK,0.0204148522548644
0x49451c6af70feef6ef29b8c78bc17d4bdaf9fdaa,LTC,0.0203993888940015
0x49451c6af70feef6ef29b8c78bc17d4bdaf9fdaa,MATIC,0.0204883939426473
0x49451c6af70feef6ef29b8c78bc17d4bdaf9fdaa,MKR,0.0204148522548644
0x49451c6af70feef6ef29b8c78bc17d4bdaf9fdaa,NEAR,0.0204530035610318
0x49451c6af70feef6ef29b8c78bc17d4bdaf9fdaa,RUNE,0.0204883939426473
0x49451c6af70feef6ef29b8c78bc17d4bdaf9fdaa,SNX,0.0204530035610318
0x49451c6af70feef6ef29b8c78bc17d4bdaf9fdaa,SOL,0.0203993888940015
0x49451c6af70feef6ef29b8c78bc17d4bdaf9fdaa,SUSHI,0.0204883939426473
0x49451c6af70feef6ef29b8c78bc17d4bdaf9fdaa,TRX,0.0199240453157265
0x49451c6af70feef6ef29b8c78bc17d4bdaf9fdaa,UMA,0.0174742631642491
0x49451c6af70feef6ef29b8c78bc17d4bdaf9fdaa,UNI,0.0204148522548644
0x49451c6af70feef6ef29b8c78bc17d4bdaf9fdaa,XLM,0.0204541873865465
0x49451c6af70feef6ef29b8c78bc17d4bdaf9fdaa,XMR,0.0203223682951972
0x49451c6af70feef6ef29b8c78bc17d4bdaf9fdaa,XTZ,0.0204883939426473
0x49451c6af70feef6ef29b8c78bc17d4bdaf9fdaa,YFI,0.0204530035610318
0x49451c6af70feef6ef29b8c78bc17d4bdaf9fdaa,ZEC,0.0203993888940015
0x49451c6af70feef6ef29b8c78bc17d4bdaf9fdaa,ZRX,0.0204530035610318
0x49aa5f121f20c02e73cd59e26460b4642c275abd,1INCH,-0.0094038213066546
0x49aa5f121f20c02e73cd59e26460b4642c275abd,AAVE,-0.0063442355780209
0x49aa5f121f20c02e73cd59e26460b4642c275abd,ADA,-0.0062236739465674
0x49aa5f121f20c02e73cd59e26460b4642c275abd,ALGO,-0.0215169337390944
0x49aa5f121f20c02e73cd59e26460b4642c275abd,ATOM,-0.0330711213795988
0x49aa5f121f20c02e73cd59e26460b4642c275abd,AVAX,-0.0004183538851465
0x49aa5f121f20c02e73cd59e26460b4642c275abd,BCH,-0.0054435703149807
0x49aa5f121f20c02e73cd59e26460b4642c275abd,BTC,0.1219111009344085
0x49aa5f121f20c02e73cd59e26460b4642c275abd,CELO,-0.0194869162938127
0x49aa5f121f20c02e73cd59e26460b4642c275abd,COMP,-0.0237336376413571
0x49aa5f121f20c02e73cd59e26460b4642c275abd,CRV,-0.0162673234279564
0x49aa5f121f20c02e73cd59e26460b4642c275abd,DOGE,-0.0124960009002858
0x49aa5f121f20c02e73cd59e26460b4642c275abd,DOT,-0.0195641250095022
0x49aa5f121f20c02e73cd59e26460b4642c275abd,ENJ,-0.0105856071148435
0x49aa5f121f20c02e73cd59e26460b4642c275abd,EOS,0.0145057296522061
0x49aa5f121f20c02e73cd59e26460b4642c275abd,ETC,-0.0009712363059932
0x49aa5f121f20c02e73cd59e26460b4642c275abd,ETH,-0.013665177195829
0x49aa5f121f20c02e73cd59e26460b4642c275abd,FIL,-0.0244072275388246
0x49aa5f121f20c02e73cd59e26460b4642c275abd,ICP,-0.0361557170642001
0x49aa5f121f20c02e73cd59e26460b4642c275abd,LINK,-0.0046448433449759
0x49aa5f121f20c02e73cd59e26460b4642c275abd,LTC,0.0008721603864659
0x49aa5f121f20c02e73cd59e26460b4642c275abd,MATIC,-0.0057182996127483
0x49aa5f121f20c02e73cd59e26460b4642c275abd,MKR,-0.0090611861609408
0x49aa5f121f20c02e73cd59e26460b4642c275abd,NEAR,0.0093973002078584
0x49aa5f121f20c02e73cd59e26460b4642c275abd,RUNE,-0.0158122204890626
0x49aa5f121f20c02e73cd59e26460b4642c275abd,SNX,-0.016102398909197
0x49aa5f121f20c02e73cd59e26460b4642c275abd,SOL,0.0338393751304082
0x49aa5f121f20c02e73cd59e26460b4642c275abd,SUSHI,-0.0274433248874049
0x49aa5f121f20c02e73cd59e26460b4642c275abd,TRX,-0.0234054708213775
0x49aa5f121f20c02e73cd59e26460b4642c275abd,UMA,-0.0281456085129723
0x49aa5f121f20c02e73cd59e26460b4642c275abd,UNI,-0.0170213473773198
0x49aa5f121f20c02e73cd59e26460b4642c275abd,XLM,-0.0336949834036925
0x49aa5f121f20c02e73cd59e26460b4642c275abd,XMR,-0.021532528137894
0x49aa5f121f20c02e73cd59e26460b4642c275abd,XTZ,-0.0085773777726053
0x49aa5f121f20c02e73cd59e26460b4642c275abd,YFI,-0.0199881711382678
0x49aa5f121f20c02e73cd59e26460b4642c275abd,ZEC,-0.042028176826521
0x49aa5f121f20c02e73cd59e26460b4642c275abd,ZRX,-0.0217151834002354
0x4ad829a7609357a7d05737526fe13bbdd18427b5,1INCH,-0.0601197512016048
0x4ad829a7609357a7d05737526fe13bbdd18427b5,AAVE,-0.0337100246622937
0x4ad829a7609357a7d05737526fe13bbdd18427b5,ADA,-0.0221488353872408
0x4ad829a7609357a7d05737526fe13bbdd18427b5,ALGO,-0.0352113441968899
0x4ad829a7609357a7d05737526fe13bbdd18427b5,ATOM,-0.0241189940575805
0x4ad829a7609357a7d05737526fe13bbdd18427b5,AVAX,-0.0669271553543074
0x4ad829a7609357a7d05737526fe13bbdd18427b5,BCH,-0.0074800076854425
0x4ad829a7609357a7d05737526fe13bbdd18427b5,BTC,-0.0301101363087178
0x4ad829a7609357a7d05737526fe13bbdd18427b5,CELO,-0.0337927728611121
0x4ad829a7609357a7d05737526fe13bbdd18427b5,COMP,-0.054601524741147
0x4ad829a7609357a7d05737526fe13bbdd18427b5,CRV,-0.0277977543816922
0x4ad829a7609357a7d05737526fe13bbdd18427b5,DOGE,-0.0297137960058374
0x4ad829a7609357a7d05737526fe13bbdd18427b5,DOT,-0.0330091906827995
0x4ad829a7609357a7d05737526fe13bbdd18427b5,ENJ,-0.0343055639431282
0x4ad829a7609357a7d05737526fe13bbdd18427b5,EOS,-0.0625564521617387
0x4ad829a7609357a7d05737526fe13bbdd18427b5,ETC,-0.0221415946035379
0x4ad829a7609357a7d05737526fe13bbdd18427b5,ETH,-0.0182997608246356
0x4ad829a7609357a7d05737526fe13bbdd18427b5,FIL,-0.0666346675806222
0x4ad829a7609357a7d05737526fe13bbdd18427b5,ICP,-0.0454972820975092
0x4ad829a7609357a7d05737526fe13bbdd18427b5,LINK,-0.0352718557105855
0x4ad829a7609357a7d05737526fe13bbdd18427b5,LTC,0.0521920771159616
0x4ad829a7609357a7d05737526fe13bbdd18427b5,MATIC,-0.056549392176264
0x4ad829a7609357a7d05737526fe13bbdd18427b5,MKR,-0.0527003871846461
0x4ad829a7609357a7d05737526fe13bbdd18427b5,NEAR,-0.0382807589865877
0x4ad829a7609357a7d05737526fe13bbdd18427b5,RUNE,-0.0683024973985197
0x4ad829a7609357a7d05737526fe13bbdd18427b5,SNX,-0.000837485762558
0x4ad829a7609357a7d05737526fe13bbdd18427b5,SOL,-0.0524606138964406
0x4ad829a7609357a7d05737526fe13bbdd18427b5,SUSHI,-0.0575373010418674
0x4ad829a7609357a7d05737526fe13bbdd18427b5,TRX,0.0417179782681893
0x4ad829a7609357a7d05737526fe13bbdd18427b5,UMA,-0.1609703200741229
0x4ad829a7609357a7d05737526fe13bbdd18427b5,UNI,-0.0155346932002616
0x4ad829a7609357a7d05737526fe13bbdd18427b5,XLM,-0.0214448548434119
0x4ad829a7609357a7d05737526fe13bbdd18427b5,XMR,-0.0222128489913452
0x4ad829a7609357a7d05737526fe13bbdd18427b5,XTZ,-0.0353644057521821
0x4ad829a7609357a7d05737526fe13bbdd18427b5,YFI,-0.0852259369506113
0x4ad829a7609357a7d05737526fe13bbdd18427b5,ZEC,-0.0452496242887865
0x4ad829a7609357a7d05737526fe13bbdd18427b5,ZRX,-0.0374384266840052
0x5a611264a056df81842f57f55ab4230312e0b730,1INCH,0.0184476
0x5a611264a056df81842f57f55ab4230312e0b730,AAVE,0.0050989212
0x5a611264a056df81842f57f55ab4230312e0b730,ADA,0.0089894505
0x5a611264a056df81842f57f55ab4230312e0b730,ALGO,0.00019469933
0x5a611264a056df81842f57f55ab4230312e0b730,ATOM,-0.0076114936
0x5a611264a056df81842f57f55ab4230312e0b730,AVAX,0.0056977584
0x5a611264a056df81842f57f55ab4230312e0b730,BCH,-0.01079625
0x5a611264a056df81842f57f55ab4230312e0b730,BTC,-0.025308434
0x5a611264a056df81842f57f55ab4230312e0b730,CELO,0.0146107
0x5a611264a056df81842f57f55ab4230312e0b730,COMP,-0.008552915
0x5a611264a056df81842f57f55ab4230312e0b730,CRV,-0.0066661187
0x5a611264a056df81842f57f55ab4230312e0b730,DOGE,0.00531435
0x5a611264a056df81842f57f55ab4230312e0b730,DOT,-0.006286945
0x5a611264a056df81842f57f55ab4230312e0b730,ENJ,0.022929315
0x5a611264a056df81842f57f55ab4230312e0b730,EOS,-0.004463827
0x5a611264a056df81842f57f55ab4230312e0b730,ETC,-0.008884463
0x5a611264a056df81842f57f55ab4230312e0b730,ETH,-0.015966343
0x5a611264a056df81842f57f55ab4230312e0b730,FIL,-0.0006424912
0x5a611264a056df81842f57f55ab4230312e0b730,ICP,-0.00580109
0x5a611264a056df81842f57f55ab4230312e0b730,LINK,0.008251484
0x5a611264a056df81842f57f55ab4230312e0b730,LTC,0.017078524
0x5a611264a056df81842f57f55ab4230312e0b730,MATIC,0.005455683
0x5a611264a056df81842f57f55ab4230312e0b730,MKR,0.004582777
0x5a611264a056df81842f57f55ab4230312e0b730,NEAR,-0.006833222
0x5a611264a056df81842f57f55ab4230312e0b730,RUNE,0.0041658254
0x5a611264a056df81842f57f55ab4230312e0b730,SNX,0.01442347
0x5a611264a056df81842f57f55ab4230312e0b730,SOL,-0.0079857465
0x5a611264a056df81842f57f55ab4230312e0b730,SUSHI,-0.0023705086
0x5a611264a056df81842f57f55ab4230312e0b730,TRX,-0.013239355
0x5a611264a056df81842f57f55ab4230312e0b730,UMA,-0.012286188
0x5a611264a056df81842f57f55ab4230312e0b730,UNI,-0.010689879
0x5a611264a056df81842f57f55ab4230312e0b730,XLM,-0.020029932
0x5a611264a056df81842f57f55ab4230312e0b730,XMR,-0.0022475722
0x5a611264a056df81842f57f55ab4230312e0b730,XTZ,0.021388825
0x5a611264a056df81842f57f55ab4230312e0b730,YFI,-0.0019160555
0x5a611264a056df81842f57f55ab4230312e0b730,ZEC,-0.028769784
0x5a611264a056df81842f57f55ab4230312e0b730,ZRX,-0.00014678726
0x6317b52d3888a74b093fcaa31a5d723d90b1cf8d,1INCH,0.0010133976
0x6317b52d3888a74b093fcaa31a5d723d90b1cf8d,AAVE,-0.0033569615
0x6317b52d3888a74b093fcaa31a5d723d90b1cf8d,ADA,0.043972176
0x6317b52d3888a74b093fcaa31a5d723d90b1cf8d,ALGO,0.05038785
0x6317b52d3888a74b093fcaa31a5d723d90b1cf8d,ATOM,-0.00782879
0x6317b52d3888a74b093fcaa31a5d723d90b1cf8d,AVAX,-0.00959753
0x6317b52d3888a74b093fcaa31a5d723d90b1cf8d,BCH,0.005938656
0x6317b52d3888a74b093fcaa31a5d723d90b1cf8d,BTC,-0.0104111
0x6317b52d3888a74b093fcaa31a5d723d90b1cf8d,CELO,-0.012871518
0x6317b52d3888a74b093fcaa31a5d723d90b1cf8d,COMP,0.013220001
0x6317b52d3888a74b093fcaa31a5d723d90b1cf8d,CRV,-0.019968608
0x6317b52d3888a74b093fcaa31a5d723d90b1cf8d,DOGE,0.0064952667
0x6317b52d3888a74b093fcaa31a5d723d90b1cf8d,DOT,-0.006798884
0x6317b52d3888a74b093fcaa31a5d723d90b1cf8d,ENJ,-0.009218761
0x6317b52d3888a74b093fcaa31a5d723d90b1cf8d,EOS,-0.0020630322
0x6317b52d3888a74b093fcaa31a5d723d90b1cf8d,ETC,-0.0033852032
0x6317b52d3888a74b093fcaa31a5d723d90b1cf8d,ETH,0.008814403
0x6317b52d3888a74b093fcaa31a5d723d90b1cf8d,FIL,-0.010547843
0x6317b52d3888a74b093fcaa31a5d723d90b1cf8d,ICP,-0.01991517
0x6317b52d3888a74b093fcaa31a5d723d90b1cf8d,LINK,-0.00005051711
0x6317b52d3888a74b093fcaa31a5d723d90b1cf8d,LTC,0.018577725
0x6317b52d3888a74b093fcaa31a5d723d90b1cf8d,MATIC,-0.01971777
0x6317b52d3888a74b093fcaa31a5d723d90b1cf8d,MKR,0.0050669103
0x6317b52d3888a74b093fcaa31a5d723d90b1cf8d,NEAR,0.021094969
0x6317b52d3888a74b093fcaa31a5d723d90b1cf8d,RUNE,-0.00051975466
0x6317b52d3888a74b093fcaa31a5d723d90b1cf8d,SNX,-0.017361784
0x6317b52d3888a74b093fcaa31a5d723d90b1cf8d,SOL,0.036883257
0x6317b52d3888a74b093fcaa31a5d723d90b1cf8d,SUSHI,-0.027142642
0x6317b52d3888a74b093fcaa31a5d723d90b1cf8d,TRX,-0.0044542854
0x6317b52d3888a74b093fcaa31a5d723d90b1cf8d,UMA,0.015991472
0x6317b52d3888a74b093fcaa31a5d723d90b1cf8d,UNI,-0.008052653
0x6317b52d3888a74b093fcaa31a5d723d90b1cf8d,XLM,-0.033178687
0x6317b52d3888a74b093fcaa31a5d723d90b1cf8d,XMR,0.0018770223
0x6317b52d3888a74b093fcaa31a5d723d90b1cf8d,XTZ,-0.02838277
0x6317b52d3888a74b093fcaa31a5d723d90b1cf8d,YFI,-0.010123926
0x6317b52d3888a74b093fcaa31a5d723d90b1cf8d,ZEC,-0.048805688
0x6317b52d3888a74b093fcaa31a5d723d90b1cf8d,ZRX,-0.014021459
0x6711a4b7ac1c5537391e7997234a7570d95e02b7,1INCH,0.0051641974473852
0x6711a4b7ac1c5537391e7997234a7570d95e02b7,AAVE,0.0053058783324111
0x6711a4b7ac1c5537391e7997234a7570d95e02b7,ADA,0.0196123856305526
0x6711a4b7ac1c5537391e7997234a7570d95e02b7,ALGO,0.0111294998259708
0x6711a4b7ac1c5537391e7997234a7570d95e02b7,ATOM,-0.0017756145094916
0x6711a4b7ac1c5537391e7997234a7570d95e02b7,AVAX,0.0044195129700344
0x6711a4b7ac1c5537391e7997234a7570d95e02b7,BCH,0.0037825568741119
0x6711a4b7ac1c5537391e7997234a7570d95e02b7,BTC,0.0063646027034439
0x6711a4b7ac1c5537391e7997234a7570d95e02b7,CELO,0.0008163645895745
0x6711a4b7ac1c5537391e7997234a7570d95e02b7,COMP,0.0015069978726513
0x6711a4b7ac1c5537391e7997234a7570d95e02b7,CRV,-0.0012766656220346
0x6711a4b7ac1c5537391e7997234a7570d95e02b7,DOGE,0.0097817812982205
0x6711a4b7ac1c5537391e7997234a7570d95e02b7,DOT,-0.0003332652314119
0x6711a4b7ac1c5537391e7997234a7570d95e02b7,ENJ,0.0014225326792788
0x6711a4b7ac1c5537391e7997234a7570d95e02b7,EOS,0.0057146350975668
0x6711a4b7ac1c5537391e7997234a7570d95e02b7,ETC,0.0099604385888375
0x6711a4b7ac1c5537391e7997234a7570d95e02b7,ETH,0.0019491299878393
0x6711a4b7ac1c5537391e7997234a7570d95e02b7,FIL,-0.0039407079430471
0x6711a4b7ac1c5537391e7997234a7570d95e02b7,ICP,-0.0062528590871548
0x6711a4b7ac1c5537391e7997234a7570d95e02b7,LINK,0.0137933281380637
0x6711a4b7ac1c5537391e7997234a7570d95e02b7,LTC,0.0106837357868675
0x6711a4b7ac1c5537391e7997234a7570d95e02b7,MATIC,0.0057441255534824
0x6711a4b7ac1c5537391e7997234a7570d95e02b7,MKR,0.0019988148598254
0x6711a4b7ac1c5537391e7997234a7570d95e02b7,NEAR,0.0191984666142992
0x6711a4b7ac1c5537391e7997234a7570d95e02b7,RUNE,0.0067276420838797
0x6711a4b7ac1c5537391e7997234a7570d95e02b7,SNX,-0.0006387104760721
0x6711a4b7ac1c5537391e7997234a7570d95e02b7,SOL,0.0173568729158521
0x6711a4b7ac1c5537391e7997234a7570d95e02b7,SUSHI,-0.0087989408463805
0x6711a4b7ac1c5537391e7997234a7570d95e02b7,TRX,-0.0015567086943364
0x6711a4b7ac1c5537391e7997234a7570d95e02b7,UMA,-0.0068984863190359
0x6711a4b7ac1c5537391e7997234a7570d95e02b7,UNI,0.0014824223491433
0x6711a4b7ac1c5537391e7997234a7570d95e02b7,XLM,-0.0078133490833314
0x6711a4b7ac1c5537391e7997234a7570d95e02b7,XMR,0.0045183515729925
0x6711a4b7ac1c5537391e7997234a7570d95e02b7,XTZ,-0.001366516778972
0x6711a4b7ac1c5537391e7997234a7570d95e02b7,YFI,-0.0024489488295701
0x6711a4b7ac1c5537391e7997234a7570d95e02b7,ZEC,-0.0123924029795634
0x6711a4b7ac1c5537391e7997234a7570d95e02b7,ZRX,-0.0008477132272378
0x691577252ffff4f3eefcc386302f8ba5bc40a360,1INCH,0.5062911426633201
0x691577252ffff4f3eefcc386302f8ba5bc40a360,AAVE,0.5072392785524897
0x691577252ffff4f3eefcc386302f8ba5bc40a360,ADA,0.506936748859953
0x691577252ffff4f3eefcc386302f8ba5bc40a360,ALGO,0.5085348431087792
0x691577252ffff4f3eefcc386302f8ba5bc40a360,ATOM,0.5089080748247237
0x691577252ffff4f3eefcc386302f8ba5bc40a360,AVAX,0.5059234011481436
0x691577252ffff4f3eefcc386302f8ba5bc40a360,BCH,0.5089352818024316
0x691577252ffff4f3eefcc386302f8ba5bc40a360,BTC,0.507496343425716
0x691577252ffff4f3eefcc386302f8ba5bc40a360,CELO,0.5075987209593015
0x691577252ffff4f3eefcc386302f8ba5bc40a360,COMP,0.5071172096915183
0x691577252ffff4f3eefcc386302f8ba5bc40a360,CRV,0.5062851637393853
0x691577252ffff4f3eefcc386302f8ba5bc40a360,DOGE,0.5078693246983448
0x691577252ffff4f3eefcc386302f8ba5bc40a360,DOT,0.5090610272667209
0x691577252ffff4f3eefcc386302f8ba5bc40a360,ENJ,0.5070973314818719
0x691577252ffff4f3eefcc386302f8ba5bc40a360,EOS,0.5065551390211983
0x691577252ffff4f3eefcc386302f8ba5bc40a360,ETC,0.5091341707208413
0x691577252ffff4f3eefcc386302f8ba5bc40a360,ETH,0.5077373540394192
0x691577252ffff4f3eefcc386302f8ba5bc40a360,FIL,0.5066439806042863
0x691577252ffff4f3eefcc386302f8ba5bc40a360,ICP,0.5030145563550373
0x691577252ffff4f3eefcc386302f8ba5bc40a360,LINK,0.5085964417080099
0x691577252ffff4f3eefcc386302f8ba5bc40a360,LTC,0.4933725659506832
0x691577252ffff4f3eefcc386302f8ba5bc40a360,MATIC,0.5071565172728468
0x691577252ffff4f3eefcc386302f8ba5bc40a360,MKR,0.5071567357904251
0x691577252ffff4f3eefcc386302f8ba5bc40a360,NEAR,0.5081045182337003
0x691577252ffff4f3eefcc386302f8ba5bc40a360,RUNE,0.5063109307425069
0x691577252ffff4f3eefcc386302f8ba5bc40a360,SNX,0.4809244378163927
0x691577252ffff4f3eefcc386302f8ba5bc40a360,SOL,0.503869990738401
0x691577252ffff4f3eefcc386302f8ba5bc40a360,SUSHI,0.5072610589201565
0x691577252ffff4f3eefcc386302f8ba5bc40a360,TRX,0.4997546948058555
0x691577252ffff4f3eefcc386302f8ba5bc40a360,UMA,0.4967527453424746
0x691577252ffff4f3eefcc386302f8ba5bc40a360,UNI,0.5092985801052782
0x691577252ffff4f3eefcc386302f8ba5bc40a360,XLM,0.5067408862504991
0x691577252ffff4f3eefcc386302f8ba5bc40a360,XMR,0.5083458504542346
0x691577252ffff4f3eefcc386302f8ba5bc40a360,XTZ,0.5079493378564669
0x691577252ffff4f3eefcc386302f8ba5bc40a360,YFI,0.5061069880212689
0x691577252ffff4f3eefcc386302f8ba5bc40a360,ZEC,0.5070853516418822
0x691577252ffff4f3eefcc386302f8ba5bc40a360,ZRX,0.5052646248619247
0x756ef834ecc631b289ef489408276b1d1f6479bd,1INCH,0.0323242402940048
0x756ef834ecc631b289ef489408276b1d1f6479bd,AAVE,0.0378093076822049
0x756ef834ecc631b289ef489408276b1d1f6479bd,ADA,0.0099470406149781
0x756ef834ecc631b289ef489408276b1d1f6479bd,ALGO,0.0208557905423814
0x756ef834ecc631b289ef489408276b1d1f6479bd,ATOM,-0.0074998029747534
0x756ef834ecc631b289ef489408276b1d1f6479bd,AVAX,0.0264453372377266
0x756ef834ecc631b289ef489408276b1d1f6479bd,BCH,0.0047391445366969
0x756ef834ecc631b289ef489408276b1d1f6479bd,BTC,0.0595879935130141
0x756ef834ecc631b289ef489408276b1d1f6479bd,CELO,0.0180100481087808
0x756ef834ecc631b289ef489408276b1d1f6479bd,COMP,0.0247215182970989
0x756ef834ecc631b289ef489408276b1d1f6479bd,CRV,0.0081420007248503
0x756ef834ecc631b289ef489408276b1d1f6479bd,DOGE,-0.0123260927192413
0x756ef834ecc631b289ef489408276b1d1f6479bd,DOT,0.0100701630303385
0x756ef834ecc631b289ef489408276b1d1f6479bd,ENJ,0.0103392926542599
0x756ef834ecc631b289ef489408276b1d1f6479bd,EOS,-0.0125307097252708
0x756ef834ecc631b289ef489408276b1d1f6479bd,ETC,-0.0098152319262668
0x756ef834ecc631b289ef489408276b1d1f6479bd,ETH,0.0057895784638581
0x756ef834ecc631b289ef489408276b1d1f6479bd,FIL,0.0225080001195449
0x756ef834ecc631b289ef489408276b1d1f6479bd,ICP,-0.0164793765375573
0x756ef834ecc631b289ef489408276b1d1f6479bd,LINK,0.0428709194634686
0x756ef834ecc631b289ef489408276b1d1f6479bd,LTC,0.0276151129128459
0x756ef834ecc631b289ef489408276b1d1f6479bd,MATIC,0.0118021169738845
0x756ef834ecc631b289ef489408276b1d1f6479bd,MKR,0.0302157784532013
0x756ef834ecc631b289ef489408276b1d1f6479bd,NEAR,0.0226259256873797
0x756ef834ecc631b289ef489408276b1d1f6479bd,RUNE,0.0029196841905464
0x756ef834ecc631b289ef489408276b1d1f6479bd,SNX,-0.0006832893921855
0x756ef834ecc631b289ef489408276b1d1f6479bd,SOL,0.0011637787869455
0x756ef834ecc631b289ef489408276b1d1f6479bd,SUSHI,0.0335431568198889
0x756ef834ecc631b289ef489408276b1d1f6479bd,TRX,-0.0114994331687336
0x756ef834ecc631b289ef489408276b1d1f6479bd,UMA,0.002240490676064
0x756ef834ecc631b289ef489408276b1d1f6479bd,UNI,-0.0233333802998976
0x756ef834ecc631b289ef489408276b1d1f6479bd,XLM,-0.0238286179629918
0x756ef834ecc631b289ef489408276b1d1f6479bd,XMR,0.0167727087766079
0x756ef834ecc631b289ef489408276b1d1f6479bd,XTZ,0.0117319014403181
0x756ef834ecc631b289ef489408276b1d1f6479bd,YFI,0.0190577791274291
0x756ef834ecc631b289ef489408276b1d1f6479bd,ZEC,-0.0210704442202167
0x756ef834ecc631b289ef489408276b1d1f6479bd,ZRX,0.0221283991609155
0x770a3026f8a348bebac2ba84cfc82f4ea01b420a,1INCH,0.0272222466956009
0x770a3026f8a348bebac2ba84cfc82f4ea01b420a,AAVE,0.0269877060782164
0x770a3026f8a348bebac2ba84cfc82f4ea01b420a,ADA,0.0261242367960221
0x770a3026f8a348bebac2ba84cfc82f4ea01b420a,ALGO,0.0269309058785438
0x770a3026f8a348bebac2ba84cfc82f4ea01b420a,ATOM,0.0254150377877522
0x770a3026f8a348bebac2ba84cfc82f4ea01b420a,AVAX,0.0288402462902013
0x770a3026f8a348bebac2ba84cfc82f4ea01b420a,BCH,0.0258722284634131
0x770a3026f8a348bebac2ba84cfc82f4ea01b420a,BTC,0.0271572118144831
0x770a3026f8a348bebac2ba84cfc82f4ea01b420a,CELO,0.0269508408164256
0x770a3026f8a348bebac2ba84cfc82f4ea01b420a,COMP,0.0267163001990411
0x770a3026f8a348bebac2ba84cfc82f4ea01b420a,CRV,0.0262358078907709
0x770a3026f8a348bebac2ba84cfc82f4ea01b420a,DOGE,0.0258278784458525
0x770a3026f8a348bebac2ba84cfc82f4ea01b420a,DOT,0.0269508408164256
0x770a3026f8a348bebac2ba84cfc82f4ea01b420a,ENJ,0.0272222466956009
0x770a3026f8a348bebac2ba84cfc82f4ea01b420a,EOS,0.0274498019389284
0x770a3026f8a348bebac2ba84cfc82f4ea01b420a,ETC,0.0260532326356042
0x770a3026f8a348bebac2ba84cfc82f4ea01b420a,ETH,0.0258876271836925
0x770a3026f8a348bebac2ba84cfc82f4ea01b420a,FIL,0.0272222466956009
0x770a3026f8a348bebac2ba84cfc82f4ea01b420a,ICP,0.0262358078907709
0x770a3026f8a348bebac2ba84cfc82f4ea01b420a,LINK,0.0262358078907709
0x770a3026f8a348bebac2ba84cfc82f4ea01b420a,LTC,0.0283518859068863
0x770a3026f8a348bebac2ba84cfc82f4ea01b420a,MATIC,0.0275164020058582
0x770a3026f8a348bebac2ba84cfc82f4ea01b420a,MKR,0.0262360544584225
0x770a3026f8a348bebac2ba84cfc82f4ea01b420a,NEAR,0.026485458627576
0x770a3026f8a348bebac2ba84cfc82f4ea01b420a,RUNE,0.0268221006263047
0x770a3026f8a348bebac2ba84cfc82f4ea01b420a,SNX,0.0265111082408111
0x770a3026f8a348bebac2ba84cfc82f4ea01b420a,SOL,0.0269452534666925
0x770a3026f8a348bebac2ba84cfc82f4ea01b420a,SUSHI,0.0290710878616664
0x770a3026f8a348bebac2ba84cfc82f4ea01b420a,TRX,0.0258515062159858
0x770a3026f8a348bebac2ba84cfc82f4ea01b420a,UMA,0.0279574848827905
0x770a3026f8a348bebac2ba84cfc82f4ea01b420a,UNI,0.0288848259078804
0x770a3026f8a348bebac2ba84cfc82f4ea01b420a,XLM,0.0269309058785438
0x770a3026f8a348bebac2ba84cfc82f4ea01b420a,XMR,0.0258418512821663
0x770a3026f8a348bebac2ba84cfc82f4ea01b420a,XTZ,0.026568475557724
0x770a3026f8a348bebac2ba84cfc82f4ea01b420a,YFI,0.0269508408164256
0x770a3026f8a348bebac2ba84cfc82f4ea01b420a,ZEC,0.0265074603375978
0x770a3026f8a348bebac2ba84cfc82f4ea01b420a,ZRX,0.0266594999993685
0x7824282944b7cc7b8ef86ed9adbe21f49b247f97,1INCH,0.5621786846386562
0x7824282944b7cc7b8ef86ed9adbe21f49b247f97,AAVE,0.5662909401882082
0x7824282944b7cc7b8ef86ed9adbe21f49b247f97,ADA,0.6059300090267653
0x7824282944b7cc7b8ef86ed9adbe21f49b247f97,ALGO,0.5938673000183256
0x7824282944b7cc7b8ef86ed9adbe21f49b247f97,ATOM,0.5569856510466956
0x7824282944b7cc7b8ef86ed9adbe21f49b247f97,AVAX,0.5898069227312925
0x7824282944b7cc7b8ef86ed9adbe21f49b247f97,BCH,0.5890054691631007
0x7824282944b7cc7b8ef86ed9adbe21f49b247f97,BTC,0.6819686614257828
0x7824282944b7cc7b8ef86ed9adbe21f49b247f97,CELO,0.6343907428140553
0x7824282944b7cc7b8ef86ed9adbe21f49b247f97,COMP,0.6370658198584268
0x7824282944b7cc7b8ef86ed9adbe21f49b247f97,CRV,0.5205867483812128
0x7824282944b7cc7b8ef86ed9adbe21f49b247f97,DOGE,0.6209617155885602
0x7824282944b7cc7b8ef86ed9adbe21f49b247f97,DOT,0.5933391815470794
0x7824282944b7cc7b8ef86ed9adbe21f49b247f97,ENJ,0.5588990451561956
0x7824282944b7cc7b8ef86ed9adbe21f49b247f97,EOS,0.5877380841965034
0x7824282944b7cc7b8ef86ed9adbe21f49b247f97,ETC,0.6166172617186882
0x7824282944b7cc7b8ef86ed9adbe21f49b247f97,ETH,0.5530867112696071
0x7824282944b7cc7b8ef86ed9adbe21f49b247f97,FIL,0.5918022054691318
0x7824282944b7cc7b8ef86ed9adbe21f49b247f97,ICP,0.5355782619117951
0x7824282944b7cc7b8ef86ed9adbe21f49b247f97,LINK,0.5878529010439998
0x7824282944b7cc7b8ef86ed9adbe21f49b247f97,LTC,0.4740279366075601
0x7824282944b7cc7b8ef86ed9adbe21f49b247f97,MATIC,0.6844005010160381
0x7824282944b7cc7b8ef86ed9adbe21f49b247f97,MKR,0.5279803039993736
0x7824282944b7cc7b8ef86ed9adbe21f49b247f97,NEAR,0.6948818874783713
0x7824282944b7cc7b8ef86ed9adbe21f49b247f97,RUNE,0.6054506589114416
0x7824282944b7cc7b8ef86ed9adbe21f49b247f97,SNX,0.429538253381407
0x7824282944b7cc7b8ef86ed9adbe21f49b247f97,SOL,0.6658658720706563
0x7824282944b7cc7b8ef86ed9adbe21f49b247f97,SUSHI,0.5744067516466465
0x7824282944b7cc7b8ef86ed9adbe21f49b247f97,TRX,0.6561242072980559
0x7824282944b7cc7b8ef86ed9adbe21f49b247f97,UMA,0.474863995946043
0x7824282944b7cc7b8ef86ed9adbe21f49b247f97,UNI,0.5847961609202142
0x7824282944b7cc7b8ef86ed9adbe21f49b247f97,XLM,0.533636306747849
0x7824282944b7cc7b8ef86ed9adbe21f49b247f97,XMR,0.502348649156228
0x7824282944b7cc7b8ef86ed9adbe21f49b247f97,XTZ,0.5928181045200089
0x7824282944b7cc7b8ef86ed9adbe21f49b247f97,YFI,0.6236090076153135
0x7824282944b7cc7b8ef86ed9adbe21f49b247f97,ZEC,0.5748792595432946
0x7824282944b7cc7b8ef86ed9adbe21f49b247f97,ZRX,0.5886316687078802
0x81fbfb07888fff733958210796af7cbe4368ae5f,1INCH,-0.04402876
0x81fbfb07888fff733958210796af7cbe4368ae5f,AAVE,-0.08052542
0x81fbfb07888fff733958210796af7cbe4368ae5f,ADA,0.035264257
0x81fbfb07888fff733958210796af7cbe4368ae5f,ALGO,0.05088673
0x81fbfb07888fff733958210796af7cbe4368ae5f,ATOM,-0.057595767
0x81fbfb07888fff733958210796af7cbe4368ae5f,AVAX,-0.07435827
0x81fbfb07888fff733958210796af7cbe4368ae5f,BCH,0.012288635
0x81fbfb07888fff733958210796af7cbe4368ae5f,BTC,-0.0012013445
0x81fbfb07888fff733958210796af7cbe4368ae5f,CELO,-0.03572325
0x81fbfb07888fff733958210796af7cbe4368ae5f,COMP,0.012788905
0x81fbfb07888fff733958210796af7cbe4368ae5f,CRV,-0.022779798
0x81fbfb07888fff733958210796af7cbe4368ae5f,DOGE,0.017441008
0x81fbfb07888fff733958210796af7cbe4368ae5f,DOT,0.030844346
0x81fbfb07888fff733958210796af7cbe4368ae5f,ENJ,-0.08282842
0x81fbfb07888fff733958210796af7cbe4368ae5f,EOS,-0.016035946
0x81fbfb07888fff733958210796af7cbe4368ae5f,ETC,-0.018343398
0x81fbfb07888fff733958210796af7cbe4368ae5f,ETH,0.017865643
0x81fbfb07888fff733958210796af7cbe4368ae5f,FIL,-0.04429775
0x81fbfb07888fff733958210796af7cbe4368ae5f,ICP,-0.07365363
0x81fbfb07888fff733958210796af7cbe4368ae5f,LINK,-0.017245904
0x81fbfb07888fff733958210796af7cbe4368ae5f,LTC,0.025530081
0x81fbfb07888fff733958210796af7cbe4368ae5f,MATIC,0.034864843
0x81fbfb07888fff733958210796af7cbe4368ae5f,MKR,-0.049882334
0x81fbfb07888fff733958210796af7cbe4368ae5f,NEAR,0.005017324
0x81fbfb07888fff733958210796af7cbe4368ae5f,RUNE,-0.029444331
0x81fbfb07888fff733958210796af7cbe4368ae5f,SNX,-0.05271859
0x81fbfb07888fff733958210796af7cbe4368ae5f,SOL,-0.011719366
0x81fbfb07888fff733958210796af7cbe4368ae5f,SUSHI,-0.050650783
0x81fbfb07888fff733958210796af7cbe4368ae5f,TRX,0.05385929
0x81fbfb07888fff733958210796af7cbe4368ae5f,UMA,-0.08067618
0x81fbfb07888fff733958210796af7cbe4368ae5f,UNI,-0.018876048
0x81fbfb07888fff733958210796af7cbe4368ae5f,XLM,-0.035608884
0x81fbfb07888fff733958210796af7cbe4368ae5f,XMR,0.024566641
0x81fbfb07888fff733958210796af7cbe4368ae5f,XTZ,-0.032705944
0x81fbfb07888fff733958210796af7cbe4368ae5f,YFI,-0.05606204
0x81fbfb07888fff733958210796af7cbe4368ae5f,ZEC,-0.066423826
0x81fbfb07888fff733958210796af7cbe4368ae5f,ZRX,-0.08586402
0x8355b0536a6a3b0116374b33dc3f8b7c344ca8bb,1INCH,0.0542561897890449
0x8355b0536a6a3b0116374b33dc3f8b7c344ca8bb,AAVE,-0.0891007294400348
0x8355b0536a6a3b0116374b33dc3f8b7c344ca8bb,ADA,-0.2948869277876694
0x8355b0536a6a3b0116374b33dc3f8b7c344ca8bb,ALGO,-0.1328318325193234
0x8355b0536a6a3b0116374b33dc3f8b7c344ca8bb,ATOM,-0.0696455138586727
0x8355b0536a6a3b0116374b33dc3f8b7c344ca8bb,AVAX,0.0437151566715161
0x8355b0536a6a3b0116374b33dc3f8b7c344ca8bb,BCH,-0.0452124689130061
0x8355b0536a6a3b0116374b33dc3f8b7c344ca8bb,BTC,0.1156989008779211
0x8355b0536a6a3b0116374b33dc3f8b7c344ca8bb,CELO,-0.170799343455195
0x8355b0536a6a3b0116374b33dc3f8b7c344ca8bb,COMP,-0.0143050362067509
0x8355b0536a6a3b0116374b33dc3f8b7c344ca8bb,CRV,-0.0878230239503548
0x8355b0536a6a3b0116374b33dc3f8b7c344ca8bb,DOGE,-0.0832067601126625
0x8355b0536a6a3b0116374b33dc3f8b7c344ca8bb,DOT,-0.1915683438416681
0x8355b0536a6a3b0116374b33dc3f8b7c344ca8bb,ENJ,-0.0322831190882028
0x8355b0536a6a3b0116374b33dc3f8b7c344ca8bb,EOS,0.0115714367529396
0x8355b0536a6a3b0116374b33dc3f8b7c344ca8bb,ETC,0.1953513123940767
0x8355b0536a6a3b0116374b33dc3f8b7c344ca8bb,ETH,-0.4115890093321399
0x8355b0536a6a3b0116374b33dc3f8b7c344ca8bb,FIL,-0.0106377480727869
0x8355b0536a6a3b0116374b33dc3f8b7c344ca8bb,ICP,-0.0570074271595866
0x8355b0536a6a3b0116374b33dc3f8b7c344ca8bb,LINK,0.1419301348042539
0x8355b0536a6a3b0116374b33dc3f8b7c344ca8bb,LTC,0.0987487910450411
0x8355b0536a6a3b0116374b33dc3f8b7c344ca8bb,MATIC,0.2332417252674457
0x8355b0536a6a3b0116374b33dc3f8b7c344ca8bb,MKR,0.0148714241040683
0x8355b0536a6a3b0116374b33dc3f8b7c344ca8bb,NEAR,-0.3357245133215762
0x8355b0536a6a3b0116374b33dc3f8b7c344ca8bb,RUNE,0.0027092851028764
0x8355b0536a6a3b0116374b33dc3f8b7c344ca8bb,SNX,0.0976251550062897
0x8355b0536a6a3b0116374b33dc3f8b7c344ca8bb,SOL,0.0078542171221521
0x8355b0536a6a3b0116374b33dc3f8b7c344ca8bb,SUSHI,0.0915374744689205
0x8355b0536a6a3b0116374b33dc3f8b7c344ca8bb,TRX,-0.2762296616741945
0x8355b0536a6a3b0116374b33dc3f8b7c344ca8bb,UMA,-0.0566040234427268
0x8355b0536a6a3b0116374b33dc3f8b7c344ca8bb,UNI,-0.0671952800113033
0x8355b0536a6a3b0116374b33dc3f8b7c344ca8bb,XLM,-0.0340294117620522
0x8355b0536a6a3b0116374b33dc3f8b7c344ca8bb,XMR,0.1265059109071026
0x8355b0536a6a3b0116374b33dc3f8b7c344ca8bb,XTZ,-0.2528017991223933
0x8355b0536a6a3b0116374b33dc3f8b7c344ca8bb,YFI,-0.1529749830936088
0x8355b0536a6a3b0116374b33dc3f8b7c344ca8bb,ZEC,-0.2350969354944213
0x8355b0536a6a3b0116374b33dc3f8b7c344ca8bb,ZRX,0.1545847360234457
0x889432c467b59475900845c1f414e0d3461d1459,1INCH,0.58713298791019
0x889432c467b59475900845c1f414e0d3461d1459,AAVE,0.8055267702936096
0x889432c467b59475900845c1f414e0d3461d1459,ADA,0.4971502590673576
0x889432c467b59475900845c1f414e0d3461d1459,ALGO,0.880224525043178
0x889432c467b59475900845c1f414e0d3461d1459,ATOM,0.7224525043177893
0x889432c467b59475900845c1f414e0d3461d1459,AVAX,0.6068221070811746
0x889432c467b59475900845c1f414e0d3461d1459,BCH,0.9140759930915372
0x889432c467b59475900845c1f414e0d3461d1459,BTC,0.7189119170984456
0x889432c467b59475900845c1f414e0d3461d1459,CELO,0.7738341968911918
0x889432c467b59475900845c1f414e0d3461d1459,COMP,0.827979274611399
0x889432c467b59475900845c1f414e0d3461d1459,CRV,0.5653713298791019
0x889432c467b59475900845c1f414e0d3461d1459,DOGE,0.8221934369602761
0x889432c467b59475900845c1f414e0d3461d1459,DOT,0.8887737478411054
0x889432c467b59475900845c1f414e0d3461d1459,ENJ,0.7837651122625217
0x889432c467b59475900845c1f414e0d3461d1459,EOS,0.7857512953367876
0x889432c467b59475900845c1f414e0d3461d1459,ETC,0.8715025906735752
0x889432c467b59475900845c1f414e0d3461d1459,ETH,0.8927461139896373
0x889432c467b59475900845c1f414e0d3461d1459,FIL,0.8083765112262521
0x889432c467b59475900845c1f414e0d3461d1459,ICP,0.4601899827288427
0x889432c467b59475900845c1f414e0d3461d1459,LINK,0.8479274611398964
0x889432c467b59475900845c1f414e0d3461d1459,LTC,0.6944732297063901
0x889432c467b59475900845c1f414e0d3461d1459,MATIC,0.8829879101899827
0x889432c467b59475900845c1f414e0d3461d1459,MKR,0.6812607944732297
0x889432c467b59475900845c1f414e0d3461d1459,NEAR,0.8635578583765112
0x889432c467b59475900845c1f414e0d3461d1459,RUNE,0.5568221070811744
0x889432c467b59475900845c1f414e0d3461d1459,SNX,0.1140759930915371
0x889432c467b59475900845c1f414e0d3461d1459,SOL,0.5211571675302246
0x889432c467b59475900845c1f414e0d3461d1459,SUSHI,0.7496545768566495
0x889432c467b59475900845c1f414e0d3461d1459,TRX,0.5234024179620034
0x889432c467b59475900845c1f414e0d3461d1459,UMA,0.2611398963730569
0x889432c467b59475900845c1f414e0d3461d1459,UNI,0.8226252158894646
0x889432c467b59475900845c1f414e0d3461d1459,XLM,0.5959412780656306
0x889432c467b59475900845c1f414e0d3461d1459,XMR,0.934887737478411
0x889432c467b59475900845c1f414e0d3461d1459,XTZ,0.8865284974093263
0x889432c467b59475900845c1f414e0d3461d1459,YFI,0.7226252158894647
0x889432c467b59475900845c1f414e0d3461d1459,ZEC,0.8173575129533679
0x889432c467b59475900845c1f414e0d3461d1459,ZRX,0.6572538860103628
0x943b7da96a03cc6d4d440e2f346e18ead42f1d66,1INCH,0.2417187
0x943b7da96a03cc6d4d440e2f346e18ead42f1d66,AAVE,0.22782558
0x943b7da96a03cc6d4d440e2f346e18ead42f1d66,ADA,0.2742639
0x943b7da96a03cc6d4d440e2f346e18ead42f1d66,ALGO,0.26457915
0x943b7da96a03cc6d4d440e2f346e18ead42f1d66,ATOM,0.27416828
0x943b7da96a03cc6d4d440e2f346e18ead42f1d66,AVAX,0.27338976
0x943b7da96a03cc6d4d440e2f346e18ead42f1d66,BCH,0.2662293
0x943b7da96a03cc6d4d440e2f346e18ead42f1d66,BTC,0.2823046
0x943b7da96a03cc6d4d440e2f346e18ead42f1d66,CELO,0.25168392
0x943b7da96a03cc6d4d440e2f346e18ead42f1d66,COMP,0.25555718
0x943b7da96a03cc6d4d440e2f346e18ead42f1d66,CRV,0.23971456
0x943b7da96a03cc6d4d440e2f346e18ead42f1d66,DOGE,0.26590702
0x943b7da96a03cc6d4d440e2f346e18ead42f1d66,DOT,0.26226363
0x943b7da96a03cc6d4d440e2f346e18ead42f1d66,ENJ,0.24355647
0x943b7da96a03cc6d4d440e2f346e18ead42f1d66,EOS,0.27297425
0x943b7da96a03cc6d4d440e2f346e18ead42f1d66,ETC,0.27647367
0x943b7da96a03cc6d4d440e2f346e18ead42f1d66,ETH,0.27459615
0x943b7da96a03cc6d4d440e2f346e18ead42f1d66,FIL,0.25382873
0x943b7da96a03cc6d4d440e2f346e18ead42f1d66,ICP,0.2652855
0x943b7da96a03cc6d4d440e2f346e18ead42f1d66,LINK,0.26626965
0x943b7da96a03cc6d4d440e2f346e18ead42f1d66,LTC,0.23723713
0x943b7da96a03cc6d4d440e2f346e18ead42f1d66,MATIC,0.27055416
0x943b7da96a03cc6d4d440e2f346e18ead42f1d66,MKR,0.26875946
0x943b7da96a03cc6d4d440e2f346e18ead42f1d66,NEAR,0.269345
0x943b7da96a03cc6d4d440e2f346e18ead42f1d66,RUNE,0.25743452
0x943b7da96a03cc6d4d440e2f346e18ead42f1d66,SNX,0.21052441
0x943b7da96a03cc6d4d440e2f346e18ead42f1d66,SOL,0.2808705
0x943b7da96a03cc6d4d440e2f346e18ead42f1d66,SUSHI,0.24630664
0x943b7da96a03cc6d4d440e2f346e18ead42f1d66,TRX,0.25605017
0x943b7da96a03cc6d4d440e2f346e18ead42f1d66,UMA,0.26110703
0x943b7da96a03cc6d4d440e2f346e18ead42f1d66,UNI,0.28192383
0x943b7da96a03cc6d4d440e2f346e18ead42f1d66,XLM,0.26086017
0x943b7da96a03cc6d4d440e2f346e18ead42f1d66,XMR,0.26725188
0x943b7da96a03cc6d4d440e2f346e18ead42f1d66,XTZ,0.26387012
0x943b7da96a03cc6d4d440e2f346e18ead42f1d66,YFI,0.2472636
0x943b7da96a03cc6d4d440e2f346e18ead42f1d66,ZEC,0.25947508
0x943b7da96a03cc6d4d440e2f346e18ead42f1d66,ZRX,0.24458969
0x98e41d65e981a882afcb05d41939197da3465b6f,1INCH,-0.007089913
0x98e41d65e981a882afcb05d41939197da3465b6f,AAVE,-0.003914118
0x98e41d65e981a882afcb05d41939197da3465b6f,ADA,0.006000638
0x98e41d65e981a882afcb05d41939197da3465b6f,ALGO,0.000017881393
0x98e41d65e981a882afcb05d41939197da3465b6f,ATOM,-0.011839926
0x98e41d65e981a882afcb05d41939197da3465b6f,AVAX,0.011775374
0x98e41d65e981a882afcb05d41939197da3465b6f,BCH,-0.0037394762
0x98e41d65e981a882afcb05d41939197da3465b6f,BTC,-0.037701666
0x98e41d65e981a882afcb05d41939197da3465b6f,CELO,-0.018039584
0x98e41d65e981a882afcb05d41939197da3465b6f,COMP,-0.016915143
0x98e41d65e981a882afcb05d41939197da3465b6f,CRV,0.0082035065
0x98e41d65e981a882afcb05d41939197da3465b6f,DOGE,0.007817626
0x98e41d65e981a882afcb05d41939197da3465b6f,DOT,0.008001685
0x98e41d65e981a882afcb05d41939197da3465b6f,ENJ,-0.01531899
0x98e41d65e981a882afcb05d41939197da3465b6f,EOS,0.0028339624
0x98e41d65e981a882afcb05d41939197da3465b6f,ETC,-0.005436659
0x98e41d65e981a882afcb05d41939197da3465b6f,ETH,-0.008517504
0x98e41d65e981a882afcb05d41939197da3465b6f,FIL,0.005008936
0x98e41d65e981a882afcb05d41939197da3465b6f,ICP,-0.02250129
0x98e41d65e981a882afcb05d41939197da3465b6f,LINK,0.0060265064
0x98e41d65e981a882afcb05d41939197da3465b6f,LTC,-0.010259211
0x98e41d65e981a882afcb05d41939197da3465b6f,MATIC,-0.012772799
0x98e41d65e981a882afcb05d41939197da3465b6f,MKR,0.003692627
0x98e41d65e981a882afcb05d41939197da3465b6f,NEAR,0.004119396
0x98e41d65e981a882afcb05d41939197da3465b6f,RUNE,-0.002049327
0x98e41d65e981a882afcb05d41939197da3465b6f,SNX,-0.028724253
0x98e41d65e981a882afcb05d41939197da3465b6f,SOL,-0.024167001
0x98e41d65e981a882afcb05d41939197da3465b6f,SUSHI,-0.014209926
0x98e41d65e981a882afcb05d41939197da3465b6f,TRX,-0.018262923
0x98e41d65e981a882afcb05d41939197da3465b6f,UMA,-0.023155272
0x98e41d65e981a882afcb05d41939197da3465b6f,UNI,-0.0038921237
0x98e41d65e981a882afcb05d41939197da3465b6f,XLM,-0.011553705
0x98e41d65e981a882afcb05d41939197da3465b6f,XMR,-0.012179434
0x98e41d65e981a882afcb05d41939197da3465b6f,XTZ,0.0072711706
0x98e41d65e981a882afcb05d41939197da3465b6f,YFI,-0.020448267
0x98e41d65e981a882afcb05d41939197da3465b6f,ZEC,-0.012364745
0x98e41d65e981a882afcb05d41939197da3465b6f,ZRX,-0.014805913
0x9c40349fbbb3fdca0dbb8d5a9ec1063476288a01,1INCH,0.040858313
0x9c40349fbbb3fdca0dbb8d5a9ec1063476288a01,AAVE,-0.006208664
0x9c40349fbbb3fdca0dbb8d5a9ec1063476288a01,ADA,0.016950103
0x9c40349fbbb3fdca0dbb8d5a9ec1063476288a01,ALGO,0.01264919
0x9c40349fbbb3fdca0dbb8d5a9ec1063476288a01,ATOM,-0.022738704
0x9c40349fbbb3fdca0dbb8d5a9ec1063476288a01,AVAX,-0.055375088
0x9c40349fbbb3fdca0dbb8d5a9ec1063476288a01,BCH,-0.010296679
0x9c40349fbbb3fdca0dbb8d5a9ec1063476288a01,BTC,0.05042361
0x9c40349fbbb3fdca0dbb8d5a9ec1063476288a01,CELO,-0.013752802
0x9c40349fbbb3fdca0dbb8d5a9ec1063476288a01,COMP,0.025963068
0x9c40349fbbb3fdca0dbb8d5a9ec1063476288a01,CRV,0.033370215
0x9c40349fbbb3fdca0dbb8d5a9ec1063476288a01,DOGE,0.0019875925
0x9c40349fbbb3fdca0dbb8d5a9ec1063476288a01,DOT,-0.011647011
0x9c40349fbbb3fdca0dbb8d5a9ec1063476288a01,ENJ,-0.010386541
0x9c40349fbbb3fdca0dbb8d5a9ec1063476288a01,EOS,0.05076306
0x9c40349fbbb3fdca0dbb8d5a9ec1063476288a01,ETC,0.010372813
0x9c40349fbbb3fdca0dbb8d5a9ec1063476288a01,ETH,-0.04193433
0x9c40349fbbb3fdca0dbb8d5a9ec1063476288a01,FIL,0.02111648
0x9c40349fbbb3fdca0dbb8d5a9ec1063476288a01,ICP,-0.00497816
0x9c40349fbbb3fdca0dbb8d5a9ec1063476288a01,LINK,-0.018448105
0x9c40349fbbb3fdca0dbb8d5a9ec1063476288a01,LTC,0.0107203685
0x9c40349fbbb3fdca0dbb8d5a9ec1063476288a01,MATIC,0.04351593
0x9c40349fbbb3fdca0dbb8d5a9ec1063476288a01,MKR,0.032377962
0x9c40349fbbb3fdca0dbb8d5a9ec1063476288a01,NEAR,0.020889886
0x9c40349fbbb3fdca0dbb8d5a9ec1063476288a01,RUNE,0.073224925
0x9c40349fbbb3fdca0dbb8d5a9ec1063476288a01,SNX,0.0011479035
0x9c40349fbbb3fdca0dbb8d5a9ec1063476288a01,SOL,0.0096142525
0x9c40349fbbb3fdca0dbb8d5a9ec1063476288a01,SUSHI,-0.012215204
0x9c40349fbbb3fdca0dbb8d5a9ec1063476288a01,TRX,0.008710866
0x9c40349fbbb3fdca0dbb8d5a9ec1063476288a01,UMA,-0.029152518
0x9c40349fbbb3fdca0dbb8d5a9ec1063476288a01,UNI,0.056496795
0x9c40349fbbb3fdca0dbb8d5a9ec1063476288a01,XLM,-0.041563977
0x9c40349fbbb3fdca0dbb8d5a9ec1063476288a01,XMR,0.00928622
0x9c40349fbbb3fdca0dbb8d5a9ec1063476288a01,XTZ,-0.003676992
0x9c40349fbbb3fdca0dbb8d5a9ec1063476288a01,YFI,0.029824356
0x9c40349fbbb3fdca0dbb8d5a9ec1063476288a01,ZEC,-0.02436768
0x9c40349fbbb3fdca0dbb8d5a9ec1063476288a01,ZRX,-0.0024988416
0x9da4d186dba5d2579e37dfa8d9afddd0172314e9,1INCH,0.0542561897890484
0x9da4d186dba5d2579e37dfa8d9afddd0172314e9,AAVE,-0.0891007294400341
0x9da4d186dba5d2579e37dfa8d9afddd0172314e9,ADA,-0.2948869277876745
0x9da4d186dba5d2579e37dfa8d9afddd0172314e9,ALGO,-0.1328318325193214
0x9da4d186dba5d2579e37dfa8d9afddd0172314e9,ATOM,-0.0696455138586709
0x9da4d186dba5d2579e37dfa8d9afddd0172314e9,AVAX,0.0437151566715073
0x9da4d186dba5d2579e37dfa8d9afddd0172314e9,BCH,-0.0452124689130009
0x9da4d186dba5d2579e37dfa8d9afddd0172314e9,BTC,0.1156989008779107
0x9da4d186dba5d2579e37dfa8d9afddd0172314e9,CELO,-0.1707993434551978
0x9da4d186dba5d2579e37dfa8d9afddd0172314e9,COMP,-0.014305036206747
0x9da4d186dba5d2579e37dfa8d9afddd0172314e9,CRV,-0.0878230239503631
0x9da4d186dba5d2579e37dfa8d9afddd0172314e9,DOGE,-0.0832067601126723
0x9da4d186dba5d2579e37dfa8d9afddd0172314e9,DOT,-0.1915683438416635
0x9da4d186dba5d2579e37dfa8d9afddd0172314e9,ENJ,-0.0322831190882044
0x9da4d186dba5d2579e37dfa8d9afddd0172314e9,EOS,0.0115714367529336
0x9da4d186dba5d2579e37dfa8d9afddd0172314e9,ETC,0.1953513123940736
0x9da4d186dba5d2579e37dfa8d9afddd0172314e9,ETH,-0.4115890093321385
0x9da4d186dba5d2579e37dfa8d9afddd0172314e9,FIL,-0.0106377480727918
0x9da4d186dba5d2579e37dfa8d9afddd0172314e9,ICP,-0.0570074271595854
0x9da4d186dba5d2579e37dfa8d9afddd0172314e9,LINK,0.1419301348042511
0x9da4d186dba5d2579e37dfa8d9afddd0172314e9,LTC,0.0987487910450442
0x9da4d186dba5d2579e37dfa8d9afddd0172314e9,MATIC,0.2332417252674449
0x9da4d186dba5d2579e37dfa8d9afddd0172314e9,MKR,0.0148714241040629
0x9da4d186dba5d2579e37dfa8d9afddd0172314e9,NEAR,-0.3357245133215699
0x9da4d186dba5d2579e37dfa8d9afddd0172314e9,RUNE,0.0027092851028816
0x9da4d186dba5d2579e37dfa8d9afddd0172314e9,SNX,0.0976251550062867
0x9da4d186dba5d2579e37dfa8d9afddd0172314e9,SOL,0.0078542171221466
0x9da4d186dba5d2579e37dfa8d9afddd0172314e9,SUSHI,0.0915374744689135
0x9da4d186dba5d2579e37dfa8d9afddd0172314e9,TRX,-0.2762296616741912
0x9da4d186dba5d2579e37dfa8d9afddd0172314e9,UMA,-0.0566040234427298
0x9da4d186dba5d2579e37dfa8d9afddd0172314e9,UNI,-0.0671952800113022
0x9da4d186dba5d2579e37dfa8d9afddd0172314e9,XLM,-0.0340294117620581
0x9da4d186dba5d2579e37dfa8d9afddd0172314e9,XMR,0.1265059109070986
0x9da4d186dba5d2579e37dfa8d9afddd0172314e9,XTZ,-0.2528017991223957
0x9da4d186dba5d2579e37dfa8d9afddd0172314e9,YFI,-0.1529749830936032
0x9da4d186dba5d2579e37dfa8d9afddd0172314e9,ZEC,-0.235096935494419
0x9da4d186dba5d2579e37dfa8d9afddd0172314e9,ZRX,0.154584736023444
0xa16a483a18f00a00b14b93438e8ad21f485b382f,1INCH,-0.0075880885
0xa16a483a18f00a00b14b93438e8ad21f485b382f,AAVE,-0.0009429455
0xa16a483a18f00a00b14b93438e8ad21f485b382f,ADA,0.0034834146
0xa16a483a18f00a00b14b93438e8ad21f485b382f,ALGO,0.006381631
0xa16a483a18f00a00b14b93438e8ad21f485b382f,ATOM,-0.008773506
0xa16a483a18f00a00b14b93438e8ad21f485b382f,AVAX,0.017073274
0xa16a483a18f00a00b14b93438e8ad21f485b382f,BCH,-0.003751099
0xa16a483a18f00a00b14b93438e8ad21f485b382f,BTC,-0.012311637
0xa16a483a18f00a00b14b93438e8ad21f485b382f,CELO,-0.012177467
0xa16a483a18f00a00b14b93438e8ad21f485b382f,COMP,-0.0064436197
0xa16a483a18f00a00b14b93438e8ad21f485b382f,CRV,0.008976221
0xa16a483a18f00a00b14b93438e8ad21f485b382f,DOGE,0.009047747
0xa16a483a18f00a00b14b93438e8ad21f485b382f,DOT,0.00269866
0xa16a483a18f00a00b14b93438e8ad21f485b382f,ENJ,-0.008164406
0xa16a483a18f00a00b14b93438e8ad21f485b382f,EOS,0.0037161112
0xa16a483a18f00a00b14b93438e8ad21f485b382f,ETC,-0.004971981
0xa16a483a18f00a00b14b93438e8ad21f485b382f,ETH,0.0005444288
0xa16a483a18f00a00b14b93438e8ad21f485b382f,FIL,0.006284237
0xa16a483a18f00a00b14b93438e8ad21f485b382f,ICP,-0.0150254965
0xa16a483a18f00a00b14b93438e8ad21f485b382f,LINK,0.0015839338
0xa16a483a18f00a00b14b93438e8ad21f485b382f,LTC,-0.0036600828
0xa16a483a18f00a00b14b93438e8ad21f485b382f,MATIC,-0.0134058
0xa16a483a18f00a00b14b93438e8ad21f485b382f,MKR,0.002371192
0xa16a483a18f00a00b14b93438e8ad21f485b382f,NEAR,0.0041127205
0xa16a483a18f00a00b14b93438e8ad21f485b382f,RUNE,0.0103513
0xa16a483a18f00a00b14b93438e8ad21f485b382f,SNX,-0.023543894
0xa16a483a18f00a00b14b93438e8ad21f485b382f,SOL,-0.025732815
0xa16a483a18f00a00b14b93438e8ad21f485b382f,SUSHI,-0.005960524
0xa16a483a18f00a00b14b93438e8ad21f485b382f,TRX,-0.01647073
0xa16a483a18f00a00b14b93438e8ad21f485b382f,UMA,-0.022753596
0xa16a483a18f00a00b14b93438e8ad21f485b382f,UNI,0.0016800165
0xa16a483a18f00a00b14b93438e8ad21f485b382f,XLM,-0.00119555
0xa16a483a18f00a00b14b93438e8ad21f485b382f,XMR,-0.009993434
0xa16a483a18f00a00b14b93438e8ad21f485b382f,XTZ,0.02020979
0xa16a483a18f00a00b14b93438e8ad21f485b382f,YFI,-0.016638517
0xa16a483a18f00a00b14b93438e8ad21f485b382f,ZEC,-0.0041276813
0xa16a483a18f00a00b14b93438e8ad21f485b382f,ZRX,-0.009505153
0xa26dcd02deb5cb5c0e8600c16920432764be53ca,1INCH,0.0542561897890531
0xa26dcd02deb5cb5c0e8600c16920432764be53ca,AAVE,-0.0891007294400401
0xa26dcd02deb5cb5c0e8600c16920432764be53ca,ADA,-0.2948869277876723
0xa26dcd02deb5cb5c0e8600c16920432764be53ca,ALGO,-0.1328318325193176
0xa26dcd02deb5cb5c0e8600c16920432764be53ca,ATOM,-0.0696455138586672
0xa26dcd02deb5cb5c0e8600c16920432764be53ca,AVAX,0.0437151566715125
0xa26dcd02deb5cb5c0e8600c16920432764be53ca,BCH,-0.0452124689129906
0xa26dcd02deb5cb5c0e8600c16920432764be53ca,BTC,0.1156989008779124
0xa26dcd02deb5cb5c0e8600c16920432764be53ca,CELO,-0.1707993434551919
0xa26dcd02deb5cb5c0e8600c16920432764be53ca,COMP,-0.0143050362067414
0xa26dcd02deb5cb5c0e8600c16920432764be53ca,CRV,-0.087823023950359
0xa26dcd02deb5cb5c0e8600c16920432764be53ca,DOGE,-0.0832067601126752
0xa26dcd02deb5cb5c0e8600c16920432764be53ca,DOT,-0.191568343841663
0xa26dcd02deb5cb5c0e8600c16920432764be53ca,ENJ,-0.0322831190882023
0xa26dcd02deb5cb5c0e8600c16920432764be53ca,EOS,0.0115714367529364
0xa26dcd02deb5cb5c0e8600c16920432764be53ca,ETC,0.1953513123940806
0xa26dcd02deb5cb5c0e8600c16920432764be53ca,ETH,-0.4115890093321348
0xa26dcd02deb5cb5c0e8600c16920432764be53ca,FIL,-0.0106377480727871
0xa26dcd02deb5cb5c0e8600c16920432764be53ca,ICP,-0.0570074271595953
0xa26dcd02deb5cb5c0e8600c16920432764be53ca,LINK,0.141930134804249
0xa26dcd02deb5cb5c0e8600c16920432764be53ca,LTC,0.0987487910450427
0xa26dcd02deb5cb5c0e8600c16920432764be53ca,MATIC,0.2332417252674438
0xa26dcd02deb5cb5c0e8600c16920432764be53ca,MKR,0.0148714241040726
0xa26dcd02deb5cb5c0e8600c16920432764be53ca,NEAR,-0.3357245133215788
0xa26dcd02deb5cb5c0e8600c16920432764be53ca,RUNE,0.0027092851028859
0xa26dcd02deb5cb5c0e8600c16920432764be53ca,SNX,0.0976251550062865
0xa26dcd02deb5cb5c0e8600c16920432764be53ca,SOL,0.0078542171221511
0xa26dcd02deb5cb5c0e8600c16920432764be53ca,SUSHI,0.0915374744689165
0xa26dcd02deb5cb5c0e8600c16920432764be53ca,TRX,-0.2762296616741891
0xa26dcd02deb5cb5c0e8600c16920432764be53ca,UMA,-0.0566040234427214
0xa26dcd02deb5cb5c0e8600c16920432764be53ca,UNI,-0.0671952800112969
0xa26dcd02deb5cb5c0e8600c16920432764be53ca,XLM,-0.0340294117620538
0xa26dcd02deb5cb5c0e8600c16920432764be53ca,XMR,0.1265059109070977
0xa26dcd02deb5cb5c0e8600c16920432764be53ca,XTZ,-0.2528017991223926
0xa26dcd02deb5cb5c0e8600c16920432764be53ca,YFI,-0.1529749830936043
0xa26dcd02deb5cb5c0e8600c16920432764be53ca,ZEC,-0.2350969354944101
0xa26dcd02deb5cb5c0e8600c16920432764be53ca,ZRX,0.1545847360234443
0xaf6e3ee121902ee1eb4264aa3fc5772b289a0912,1INCH,-0.0034081604862244
0xaf6e3ee121902ee1eb4264aa3fc5772b289a0912,AAVE,0.0045510895176093
0xaf6e3ee121902ee1eb4264aa3fc5772b289a0912,ADA,-0.0082698385896192
0xaf6e3ee121902ee1eb4264aa3fc5772b289a0912,ALGO,-0.007667899608384
0xaf6e3ee121902ee1eb4264aa3fc5772b289a0912,ATOM,-0.0086878764671612
0xaf6e3ee121902ee1eb4264aa3fc5772b289a0912,AVAX,-0.0096752379813117
0xaf6e3ee121902ee1eb4264aa3fc5772b289a0912,BCH,0.014146729275348
0xaf6e3ee121902ee1eb4264aa3fc5772b289a0912,BTC,-0.0033701380117523
0xaf6e3ee121902ee1eb4264aa3fc5772b289a0912,CELO,-0.0044072775067412
0xaf6e3ee121902ee1eb4264aa3fc5772b289a0912,COMP,0.0032673567075137
0xaf6e3ee121902ee1eb4264aa3fc5772b289a0912,CRV,0.0133670260484333
0xaf6e3ee121902ee1eb4264aa3fc5772b289a0912,DOGE,-0.0075097229035242
0xaf6e3ee121902ee1eb4264aa3fc5772b289a0912,DOT,0.0032430311503527
0xaf6e3ee121902ee1eb4264aa3fc5772b289a0912,ENJ,0.0018115405056203
0xaf6e3ee121902ee1eb4264aa3fc5772b289a0912,EOS,-0.0030320052729787
0xaf6e3ee121902ee1eb4264aa3fc5772b289a0912,ETC,-0.0028916016214747
0xaf6e3ee121902ee1eb4264aa3fc5772b289a0912,ETH,-0.011320100728427
0xaf6e3ee121902ee1eb4264aa3fc5772b289a0912,FIL,-0.0006529086187269
0xaf6e3ee121902ee1eb4264aa3fc5772b289a0912,ICP,0.0249238794912075
0xaf6e3ee121902ee1eb4264aa3fc5772b289a0912,LINK,0.0163884237530681
0xaf6e3ee121902ee1eb4264aa3fc5772b289a0912,LTC,0.0296449295626527
0xaf6e3ee121902ee1eb4264aa3fc5772b289a0912,MATIC,-0.0084549636873032
0xaf6e3ee121902ee1eb4264aa3fc5772b289a0912,MKR,0.0245480943825007
0xaf6e3ee121902ee1eb4264aa3fc5772b289a0912,NEAR,0.0031019467266856
0xaf6e3ee121902ee1eb4264aa3fc5772b289a0912,RUNE,0.0074961626352064
0xaf6e3ee121902ee1eb4264aa3fc5772b289a0912,SNX,0.0145280440023628
0xaf6e3ee121902ee1eb4264aa3fc5772b289a0912,SOL,-0.0064036049915816
0xaf6e3ee121902ee1eb4264aa3fc5772b289a0912,SUSHI,-0.0040988780390271
0xaf6e3ee121902ee1eb4264aa3fc5772b289a0912,TRX,0.0098686349357321
0xaf6e3ee121902ee1eb4264aa3fc5772b289a0912,UMA,0.0308034448001013
0xaf6e3ee121902ee1eb4264aa3fc5772b289a0912,UNI,0.0141710727083296
0xaf6e3ee121902ee1eb4264aa3fc5772b289a0912,XLM,0.0056599542011657
0xaf6e3ee121902ee1eb4264aa3fc5772b289a0912,XMR,0.0116167307142268
0xaf6e3ee121902ee1eb4264aa3fc5772b289a0912,XTZ,0.0115400914831909
0xaf6e3ee121902ee1eb4264aa3fc5772b289a0912,YFI,0.010827263179098
0xaf6e3ee121902ee1eb4264aa3fc5772b289a0912,ZEC,-0.0010354934873846
0xaf6e3ee121902ee1eb4264aa3fc5772b289a0912,ZRX,-0.0054428918913894
0xb759689102026a0025b23595227dc865fe1a4828,1INCH,0.0
0xb759689102026a0025b23595227dc865fe1a4828,AAVE,0.0
0xb759689102026a0025b23595227dc865fe1a4828,ADA,0.0
0xb759689102026a0025b23595227dc865fe1a4828,ALGO,0.0
0xb759689102026a0025b23595227dc865fe1a4828,ATOM,0.0
0xb759689102026a0025b23595227dc865fe1a4828,AVAX,0.0
0xb759689102026a0025b23595227dc865fe1a4828,BCH,0.10356
0xb759689102026a0025b23595227dc865fe1a4828,BTC,0.0
0xb759689102026a0025b23595227dc865fe1a4828,CELO,0.0
0xb759689102026a0025b23595227dc865fe1a4828,COMP,0.01715
0xb759689102026a0025b23595227dc865fe1a4828,CRV,0.00794
0xb759689102026a0025b23595227dc865fe1a4828,DOGE,0.07151
0xb759689102026a0025b23595227dc865fe1a4828,DOT,0.0
0xb759689102026a0025b23595227dc865fe1a4828,ENJ,0.0
0xb759689102026a0025b23595227dc865fe1a4828,EOS,0.23331
0xb759689102026a0025b23595227dc865fe1a4828,ETC,0.0
0xb759689102026a0025b23595227dc865fe1a4828,ETH,0.02874
0xb759689102026a0025b23595227dc865fe1a4828,FIL,0.0
0xb759689102026a0025b23595227dc865fe1a4828,ICP,0.02832
0xb759689102026a0025b23595227dc865fe1a4828,LINK,0.05037
0xb759689102026a0025b23595227dc865fe1a4828,LTC,0.0
0xb759689102026a0025b23595227dc865fe1a4828,MATIC,0.0
0xb759689102026a0025b23595227dc865fe1a4828,MKR,0.05274
0xb759689102026a0025b23595227dc865fe1a4828,NEAR,0.0
0xb759689102026a0025b23595227dc865fe1a4828,RUNE,0.0377
0xb759689102026a0025b23595227dc865fe1a4828,SNX,0.0
0xb759689102026a0025b23595227dc865fe1a4828,SOL,0.0
0xb759689102026a0025b23595227dc865fe1a4828,SUSHI,0.0
0xb759689102026a0025b23595227dc865fe1a4828,TRX,0.0
0xb759689102026a0025b23595227dc865fe1a4828,UMA,0.0
0xb759689102026a0025b23595227dc865fe1a4828,UNI,0.14121
0xb759689102026a0025b23595227dc865fe1a4828,XLM,0.0
0xb759689102026a0025b23595227dc865fe1a4828,XMR,0.00988
0xb759689102026a0025b23595227dc865fe1a4828,XTZ,0.0
0xb759689102026a0025b23595227dc865fe1a4828,YFI,0.0
0xb759689102026a0025b23595227dc865fe1a4828,ZEC,0.09447
0xb759689102026a0025b23595227dc865fe1a4828,ZRX,0.1231
0xb7ece21c962697a3194c0b6e4b81db54433055ab,1INCH,-0.0063747764
0xb7ece21c962697a3194c0b6e4b81db54433055ab,AAVE,-0.0029027462
0xb7ece21c962697a3194c0b6e4b81db54433055ab,ADA,0.008885503
0xb7ece21c962697a3194c0b6e4b81db54433055ab,ALGO,0.0030870438
0xb7ece21c962697a3194c0b6e4b81db54433055ab,ATOM,-0.008910477
0xb7ece21c962697a3194c0b6e4b81db54433055ab,AVAX,0.015981317
0xb7ece21c962697a3194c0b6e4b81db54433055ab,BCH,-0.0015384555
0xb7ece21c962697a3194c0b6e4b81db54433055ab,BTC,-0.00841248
0xb7ece21c962697a3194c0b6e4b81db54433055ab,CELO,-0.015473545
0xb7ece21c962697a3194c0b6e4b81db54433055ab,COMP,-0.0010517836
0xb7ece21c962697a3194c0b6e4b81db54433055ab,CRV,0.016539097
0xb7ece21c962697a3194c0b6e4b81db54433055ab,DOGE,-0.0007291436
0xb7ece21c962697a3194c0b6e4b81db54433055ab,DOT,0.010130405
0xb7ece21c962697a3194c0b6e4b81db54433055ab,ENJ,-0.008111715
0xb7ece21c962697a3194c0b6e4b81db54433055ab,EOS,0.0016255379
0xb7ece21c962697a3194c0b6e4b81db54433055ab,ETC,-0.01064235
0xb7ece21c962697a3194c0b6e4b81db54433055ab,ETH,0.001429677
0xb7ece21c962697a3194c0b6e4b81db54433055ab,FIL,0.00034856796
0xb7ece21c962697a3194c0b6e4b81db54433055ab,ICP,-0.010220528
0xb7ece21c962697a3194c0b6e4b81db54433055ab,LINK,0.0014131069
0xb7ece21c962697a3194c0b6e4b81db54433055ab,LTC,-0.008037388
0xb7ece21c962697a3194c0b6e4b81db54433055ab,MATIC,-0.0045220256
0xb7ece21c962697a3194c0b6e4b81db54433055ab,MKR,0.008558989
0xb7ece21c962697a3194c0b6e4b81db54433055ab,NEAR,0.00027644634
0xb7ece21c962697a3194c0b6e4b81db54433055ab,RUNE,0.010121703
0xb7ece21c962697a3194c0b6e4b81db54433055ab,SNX,-0.03227693
0xb7ece21c962697a3194c0b6e4b81db54433055ab,SOL,-0.025182366
0xb7ece21c962697a3194c0b6e4b81db54433055ab,SUSHI,-0.011817038
0xb7ece21c962697a3194c0b6e4b81db54433055ab,TRX,-0.023597956
0xb7ece21c962697a3194c0b6e4b81db54433055ab,UMA,-0.020004392
0xb7ece21c962697a3194c0b6e4b81db54433055ab,UNI,-0.007913232
0xb7ece21c962697a3194c0b6e4b81db54433055ab,XLM,-0.005802393
0xb7ece21c962697a3194c0b6e4b81db54433055ab,XMR,-0.011991203
0xb7ece21c962697a3194c0b6e4b81db54433055ab,XTZ,0.0071507692
0xb7ece21c962697a3194c0b6e4b81db54433055ab,YFI,-0.019169748
0xb7ece21c962697a3194c0b6e4b81db54433055ab,ZEC,-0.0026260614
0xb7ece21c962697a3194c0b6e4b81db54433055ab,ZRX,-0.013789654
0xcb34a53c9362ee9711fcac9f352bd7e00201dd95,1INCH,-0.0203114076143511
0xcb34a53c9362ee9711fcac9f352bd7e00201dd95,AAVE,-0.0204263689344209
0xcb34a53c9362ee9711fcac9f352bd7e00201dd95,ADA,-0.0206715181522996
0xcb34a53c9362ee9711fcac9f352bd7e00201dd95,ALGO,-0.0202853540349531
0xcb34a53c9362ee9711fcac9f352bd7e00201dd95,ATOM,-0.0204782710822358
0xcb34a53c9362ee9711fcac9f352bd7e00201dd95,AVAX,-0.0201979656308734
0xcb34a53c9362ee9711fcac9f352bd7e00201dd95,BCH,-0.0206654072358951
0xcb34a53c9362ee9711fcac9f352bd7e00201dd95,BTC,-0.020884130497803
0xcb34a53c9362ee9711fcac9f352bd7e00201dd95,CELO,-0.0205403017973118
0xcb34a53c9362ee9711fcac9f352bd7e00201dd95,COMP,-0.02036997103136
0xcb34a53c9362ee9711fcac9f352bd7e00201dd95,CRV,-0.0203072631510923
0xcb34a53c9362ee9711fcac9f352bd7e00201dd95,DOGE,-0.0206734229776332
0xcb34a53c9362ee9711fcac9f352bd7e00201dd95,DOT,-0.0203739901986756
0xcb34a53c9362ee9711fcac9f352bd7e00201dd95,ENJ,-0.0204051439029442
0xcb34a53c9362ee9711fcac9f352bd7e00201dd95,EOS,-0.0203271219815795
0xcb34a53c9362ee9711fcac9f352bd7e00201dd95,ETC,-0.020684656871743
0xcb34a53c9362ee9711fcac9f352bd7e00201dd95,ETH,-0.0206363601875692
0xcb34a53c9362ee9711fcac9f352bd7e00201dd95,FIL,-0.0203846999678575
0xcb34a53c9362ee9711fcac9f352bd7e00201dd95,ICP,-0.0205003761365452
0xcb34a53c9362ee9711fcac9f352bd7e00201dd95,LINK,-0.0204147697466357
0xcb34a53c9362ee9711fcac9f352bd7e00201dd95,LTC,-0.0204036506107928
0xcb34a53c9362ee9711fcac9f352bd7e00201dd95,MATIC,-0.0207264988024491
0xcb34a53c9362ee9711fcac9f352bd7e00201dd95,MKR,-0.0202456428126938
0xcb34a53c9362ee9711fcac9f352bd7e00201dd95,NEAR,-0.0205218764332444
0xcb34a53c9362ee9711fcac9f352bd7e00201dd95,RUNE,-0.0204817727147673
0xcb34a53c9362ee9711fcac9f352bd7e00201dd95,SNX,-0.0205615868334307
0xcb34a53c9362ee9711fcac9f352bd7e00201dd95,SOL,-0.0203167578672147
0xcb34a53c9362ee9711fcac9f352bd7e00201dd95,SUSHI,-0.0205516256683813
0xcb34a53c9362ee9711fcac9f352bd7e00201dd95,TRX,-0.0205899212778844
0xcb34a53c9362ee9711fcac9f352bd7e00201dd95,UMA,-0.0206145487869633
0xcb34a53c9362ee9711fcac9f352bd7e00201dd95,UNI,-0.020518203587188
0xcb34a53c9362ee9711fcac9f352bd7e00201dd95,XLM,-0.0206066119110363
0xcb34a53c9362ee9711fcac9f352bd7e00201dd95,XMR,-0.0205798892118108
0xcb34a53c9362ee9711fcac9f352bd7e00201dd95,XTZ,-0.0201482491547675
0xcb34a53c9362ee9711fcac9f352bd7e00201dd95,YFI,-0.020421026155822
0xcb34a53c9362ee9711fcac9f352bd7e00201dd95,ZEC,-0.0203163306700339
0xcb34a53c9362ee9711fcac9f352bd7e00201dd95,ZRX,-0.0203263410798685
0xe14867e41410bd7232a52b9400476c08b4e535b3,1INCH,-0.0111528635
0xe14867e41410bd7232a52b9400476c08b4e535b3,AAVE,-0.011682451
0xe14867e41410bd7232a52b9400476c08b4e535b3,ADA,0.0048755407
0xe14867e41410bd7232a52b9400476c08b4e535b3,ALGO,-0.006030202
0xe14867e41410bd7232a52b9400476c08b4e535b3,ATOM,-0.015363157
0xe14867e41410bd7232a52b9400476c08b4e535b3,AVAX,0.017709613
0xe14867e41410bd7232a52b9400476c08b4e535b3,BCH,-0.011601388
0xe14867e41410bd7232a52b9400476c08b4e535b3,BTC,-0.008404791
0xe14867e41410bd7232a52b9400476c08b4e535b3,CELO,-0.03129959
0xe14867e41410bd7232a52b9400476c08b4e535b3,COMP,-0.010413945
0xe14867e41410bd7232a52b9400476c08b4e535b3,CRV,-0.00738585
0xe14867e41410bd7232a52b9400476c08b4e535b3,DOGE,-0.001224935
0xe14867e41410bd7232a52b9400476c08b4e535b3,DOT,0.012290359
0xe14867e41410bd7232a52b9400476c08b4e535b3,ENJ,-0.01949197
0xe14867e41410bd7232a52b9400476c08b4e535b3,EOS,-0.0070847273
0xe14867e41410bd7232a52b9400476c08b4e535b3,ETC,-0.0028710961
0xe14867e41410bd7232a52b9400476c08b4e535b3,ETH,0.000021219254
0xe14867e41410bd7232a52b9400476c08b4e535b3,FIL,-0.0013145208
0xe14867e41410bd7232a52b9400476c08b4e535b3,ICP,-0.020352066
0xe14867e41410bd7232a52b9400476c08b4e535b3,LINK,0.0025320053
0xe14867e41410bd7232a52b9400476c08b4e535b3,LTC,-0.010614872
0xe14867e41410bd7232a52b9400476c08b4e535b3,MATIC,-0.01323992
0xe14867e41410bd7232a52b9400476c08b4e535b3,MKR,-0.0038930774
0xe14867e41410bd7232a52b9400476c08b4e535b3,NEAR,0.004557848
0xe14867e41410bd7232a52b9400476c08b4e535b3,RUNE,0.002493143
0xe14867e41410bd7232a52b9400476c08b4e535b3,SNX,-0.033427596
0xe14867e41410bd7232a52b9400476c08b4e535b3,SOL,-0.026565433
0xe14867e41410bd7232a52b9400476c08b4e535b3,SUSHI,-0.013989747
0xe14867e41410bd7232a52b9400476c08b4e535b3,TRX,-0.028463602
0xe14867e41410bd7232a52b9400476c08b4e535b3,UMA,-0.029045641
0xe14867e41410bd7232a52b9400476c08b4e535b3,UNI,-0.006406784
0xe14867e41410bd7232a52b9400476c08b4e535b3,XLM,-0.016645491
0xe14867e41410bd7232a52b9400476c08b4e535b3,XMR,-0.012177229
0xe14867e41410bd7232a52b9400476c08b4e535b3,XTZ,-0.0005837083
0xe14867e41410bd7232a52b9400476c08b4e535b3,YFI,-0.02604407
0xe14867e41410bd7232a52b9400476c08b4e535b3,ZEC,-0.015205741
0xe14867e41410bd7232a52b9400476c08b4e535b3,ZRX,-0.01904893
0xea8b4bb8c19ee22687093e35469d4fbdc84450cb,1INCH,0.0012190760640531
0xea8b4bb8c19ee22687093e35469d4fbdc84450cb,AAVE,0.008639267485676
0xea8b4bb8c19ee22687093e35469d4fbdc84450cb,ADA,0.0024311602115632
0xea8b4bb8c19ee22687093e35469d4fbdc84450cb,ALGO,-0.0078099461064716
0xea8b4bb8c19ee22687093e35469d4fbdc84450cb,ATOM,-0.0126470232920332
0xea8b4bb8c19ee22687093e35469d4fbdc84450cb,AVAX,0.0009536128167998
0xea8b4bb8c19ee22687093e35469d4fbdc84450cb,BCH,0.0008301117067875
0xea8b4bb8c19ee22687093e35469d4fbdc84450cb,BTC,0.0658507815375206
0xea8b4bb8c19ee22687093e35469d4fbdc84450cb,CELO,-0.0033322364799008
0xea8b4bb8c19ee22687093e35469d4fbdc84450cb,COMP,-0.0093388223978891
0xea8b4bb8c19ee22687093e35469d4fbdc84450cb,CRV,-0.0071952911974655
0xea8b4bb8c19ee22687093e35469d4fbdc84450cb,DOGE,-0.0079362365099221
0xea8b4bb8c19ee22687093e35469d4fbdc84450cb,DOT,0.0064774189750061
0xea8b4bb8c19ee22687093e35469d4fbdc84450cb,ENJ,0.0098739190206456
0xea8b4bb8c19ee22687093e35469d4fbdc84450cb,EOS,0.0188967630251141
0xea8b4bb8c19ee22687093e35469d4fbdc84450cb,ETC,-0.0028482570923012
0xea8b4bb8c19ee22687093e35469d4fbdc84450cb,ETH,-0.0143514778097455
0xea8b4bb8c19ee22687093e35469d4fbdc84450cb,FIL,-0.0057034332439442
0xea8b4bb8c19ee22687093e35469d4fbdc84450cb,ICP,-0.0206042185176321
0xea8b4bb8c19ee22687093e35469d4fbdc84450cb,LINK,-0.0062793242029044
0xea8b4bb8c19ee22687093e35469d4fbdc84450cb,LTC,-0.0019514059166118
0xea8b4bb8c19ee22687093e35469d4fbdc84450cb,MATIC,0.0038003719910651
0xea8b4bb8c19ee22687093e35469d4fbdc84450cb,MKR,0.0125062995370005
0xea8b4bb8c19ee22687093e35469d4fbdc84450cb,NEAR,0.0109429141179125
0xea8b4bb8c19ee22687093e35469d4fbdc84450cb,RUNE,-0.0023756445647297
0xea8b4bb8c19ee22687093e35469d4fbdc84450cb,SNX,0.003860407172878
0xea8b4bb8c19ee22687093e35469d4fbdc84450cb,SOL,-0.0016851363342008
0xea8b4bb8c19ee22687093e35469d4fbdc84450cb,SUSHI,-0.0079865368250467
0xea8b4bb8c19ee22687093e35469d4fbdc84450cb,TRX,-0.0206766632454593
0xea8b4bb8c19ee22687093e35469d4fbdc84450cb,UMA,0.0132240984855371
0xea8b4bb8c19ee22687093e35469d4fbdc84450cb,UNI,-0.0168777194378096
0xea8b4bb8c19ee22687093e35469d4fbdc84450cb,XLM,-0.0187980183627342
0xea8b4bb8c19ee22687093e35469d4fbdc84450cb,XMR,-0.0053025047880661
0xea8b4bb8c19ee22687093e35469d4fbdc84450cb,XTZ,-0.0027829985564017
0xea8b4bb8c19ee22687093e35469d4fbdc84450cb,YFI,-0.0038023446407235
0xea8b4bb8c19ee22687093e35469d4fbdc84450cb,ZEC,-0.0256520886467741
0xea8b4bb8c19ee22687093e35469d4fbdc84450cb,ZRX,-0.0029227772053569
0xeba5ba85f72e40a9f2b8782c2bd51ec31a5564da,1INCH,0.0051306486
0xeba5ba85f72e40a9f2b8782c2bd51ec31a5564da,AAVE,0.0059798956
0xeba5ba85f72e40a9f2b8782c2bd51ec31a5564da,ADA,0.003944397
0xeba5ba85f72e40a9f2b8782c2bd51ec31a5564da,ALGO,-0.00016701221
0xeba5ba85f72e40a9f2b8782c2bd51ec31a5564da,ATOM,-0.0024148822
0xeba5ba85f72e40a9f2b8782c2bd51ec31a5564da,AVAX,0.014838338
0xeba5ba85f72e40a9f2b8782c2bd51ec31a5564da,BCH,-0.011130929
0xeba5ba85f72e40a9f2b8782c2bd51ec31a5564da,BTC,-0.007129967
0xeba5ba85f72e40a9f2b8782c2bd51ec31a5564da,CELO,-0.0073773265
0xeba5ba85f72e40a9f2b8782c2bd51ec31a5564da,COMP,-0.005582452
0xeba5ba85f72e40a9f2b8782c2bd51ec31a5564da,CRV,0.012389779
0xeba5ba85f72e40a9f2b8782c2bd51ec31a5564da,DOGE,0.011496663
0xeba5ba85f72e40a9f2b8782c2bd51ec31a5564da,DOT,0.012922168
0xeba5ba85f72e40a9f2b8782c2bd51ec31a5564da,ENJ,-0.006845951
0xeba5ba85f72e40a9f2b8782c2bd51ec31a5564da,EOS,0.0054365396
0xeba5ba85f72e40a9f2b8782c2bd51ec31a5564da,ETC,-0.0040955544
0xeba5ba85f72e40a9f2b8782c2bd51ec31a5564da,ETH,0.00025451183
0xeba5ba85f72e40a9f2b8782c2bd51ec31a5564da,FIL,-0.0010261536
0xeba5ba85f72e40a9f2b8782c2bd51ec31a5564da,ICP,-0.013784051
0xeba5ba85f72e40a9f2b8782c2bd51ec31a5564da,LINK,0.005864382
0xeba5ba85f72e40a9f2b8782c2bd51ec31a5564da,LTC,-0.008123457
0xeba5ba85f72e40a9f2b8782c2bd51ec31a5564da,MATIC,-0.0113710165
0xeba5ba85f72e40a9f2b8782c2bd51ec31a5564da,MKR,0.0077387094
0xeba5ba85f72e40a9f2b8782c2bd51ec31a5564da,NEAR,0.0012289286
0xeba5ba85f72e40a9f2b8782c2bd51ec31a5564da,RUNE,0.0039334297
0xeba5ba85f72e40a9f2b8782c2bd51ec31a5564da,SNX,-0.018170416
0xeba5ba85f72e40a9f2b8782c2bd51ec31a5564da,SOL,-0.024751604
0xeba5ba85f72e40a9f2b8782c2bd51ec31a5564da,SUSHI,-0.0067021847
0xeba5ba85f72e40a9f2b8782c2bd51ec31a5564da,TRX,-0.025901616
0xeba5ba85f72e40a9f2b8782c2bd51ec31a5564da,UMA,-0.021867752
0xeba5ba85f72e40a9f2b8782c2bd51ec31a5564da,UNI,-0.002495885
0xeba5ba85f72e40a9f2b8782c2bd51ec31a5564da,XLM,-0.002992928
0xeba5ba85f72e40a9f2b8782c2bd51ec31a5564da,XMR,-0.016458511
0xeba5ba85f72e40a9f2b8782c2bd51ec31a5564da,XTZ,0.009534359
0xeba5ba85f72e40a9f2b8782c2bd51ec31a5564da,YFI,-0.009780347
0xeba5ba85f72e40a9f2b8782c2bd51ec31a5564da,ZEC,-0.003111124
0xeba5ba85f72e40a9f2b8782c2bd51ec31a5564da,ZRX,-0.011424303
0xf097ed117dd3930f1eeb91569a6a61b4c52744c8,1INCH,-0.0077952147
0xf097ed117dd3930f1eeb91569a6a61b4c52744c8,AAVE,-0.0042071342
0xf097ed117dd3930f1eeb91569a6a61b4c52744c8,ADA,-0.007150054
0xf097ed117dd3930f1eeb91569a6a61b4c52744c8,ALGO,0.011794329
0xf097ed117dd3930f1eeb91569a6a61b4c52744c8,ATOM,-0.009535611
0xf097ed117dd3930f1eeb91569a6a61b4c52744c8,AVAX,0.017994046
0xf097ed117dd3930f1eeb91569a6a61b4c52744c8,BCH,0.01009655
0xf097ed117dd3930f1eeb91569a6a61b4c52744c8,BTC,-0.0024106503
0xf097ed117dd3930f1eeb91569a6a61b4c52744c8,CELO,-0.015536606
0xf097ed117dd3930f1eeb91569a6a61b4c52744c8,COMP,-0.0052054524
0xf097ed117dd3930f1eeb91569a6a61b4c52744c8,CRV,0.003674388
0xf097ed117dd3930f1eeb91569a6a61b4c52744c8,DOGE,0.0031889677
0xf097ed117dd3930f1eeb91569a6a61b4c52744c8,DOT,0.0077472925
0xf097ed117dd3930f1eeb91569a6a61b4c52744c8,ENJ,-0.007831514
0xf097ed117dd3930f1eeb91569a6a61b4c52744c8,EOS,-0.0022540689
0xf097ed117dd3930f1eeb91569a6a61b4c52744c8,ETC,-0.0045012236
0xf097ed117dd3930f1eeb91569a6a61b4c52744c8,ETH,0.0023909807
0xf097ed117dd3930f1eeb91569a6a61b4c52744c8,FIL,0.0052286386
0xf097ed117dd3930f1eeb91569a6a61b4c52744c8,ICP,-0.014935911
0xf097ed117dd3930f1eeb91569a6a61b4c52744c8,LINK,0.012974262
0xf097ed117dd3930f1eeb91569a6a61b4c52744c8,LTC,-0.0006157756
0xf097ed117dd3930f1eeb91569a6a61b4c52744c8,MATIC,-0.00971359
0xf097ed117dd3930f1eeb91569a6a61b4c52744c8,MKR,-0.00078612566
0xf097ed117dd3930f1eeb91569a6a61b4c52744c8,NEAR,-0.00626117
0xf097ed117dd3930f1eeb91569a6a61b4c52744c8,RUNE,0.0014265776
0xf097ed117dd3930f1eeb91569a6a61b4c52744c8,SNX,-0.023286283
0xf097ed117dd3930f1eeb91569a6a61b4c52744c8,SOL,-0.015229523
0xf097ed117dd3930f1eeb91569a6a61b4c52744c8,SUSHI,-0.012358785
0xf097ed117dd3930f1eeb91569a6a61b4c52744c8,TRX,-0.025117397
0xf097ed117dd3930f1eeb91569a6a61b4c52744c8,UMA,-0.013554096
0xf097ed117dd3930f1eeb91569a6a61b4c52744c8,UNI,-0.008871019
0xf097ed117dd3930f1eeb91569a6a61b4c52744c8,XLM,-0.009164214
0xf097ed117dd3930f1eeb91569a6a61b4c52744c8,XMR,-0.008859932
0xf097ed117dd3930f1eeb91569a6a61b4c52744c8,XTZ,0.0022450686
0xf097ed117dd3930f1eeb91569a6a61b4c52744c8,YFI,-0.018874407
0xf097ed117dd3930f1eeb91569a6a61b4c52744c8,ZEC,-0.0043058395
0xf097ed117dd3930f1eeb91569a6a61b4c52744c8,ZRX,-0.014082313
0xf5061bd41966374d89ddeada574602b3784e3d98,1INCH,0.016804013
0xf5061bd41966374d89ddeada574602b3784e3d98,AAVE,-0.039266296
0xf5061bd41966374d89ddeada574602b3784e3d98,ADA,-0.014027096
0xf5061bd41966374d89ddeada574602b3784e3d98,ALGO,-0.074254535
0xf5061bd41966374d89ddeada574602b3784e3d98,ATOM,-0.04724907
0xf5061bd41966374d89ddeada574602b3784e3d98,AVAX,0.006234424
0xf5061bd41966374d89ddeada574602b3784e3d98,BCH,-0.0121737905
0xf5061bd41966374d89ddeada574602b3784e3d98,BTC,-0.06802998
0xf5061bd41966374d89ddeada574602b3784e3d98,CELO,0.043371886
0xf5061bd41966374d89ddeada574602b3784e3d98,COMP,0.011502186
0xf5061bd41966374d89ddeada574602b3784e3d98,CRV,-0.050513048
0xf5061bd41966374d89ddeada574602b3784e3d98,DOGE,-0.024834562
0xf5061bd41966374d89ddeada574602b3784e3d98,DOT,0.021524174
0xf5061bd41966374d89ddeada574602b3784e3d98,ENJ,0.026992526
0xf5061bd41966374d89ddeada574602b3784e3d98,EOS,0.013025196
0xf5061bd41966374d89ddeada574602b3784e3d98,ETC,-0.056870572
0xf5061bd41966374d89ddeada574602b3784e3d98,ETH,-0.024625547
0xf5061bd41966374d89ddeada574602b3784e3d98,FIL,-0.03192638
0xf5061bd41966374d89ddeada574602b3784e3d98,ICP,-0.011331255
0xf5061bd41966374d89ddeada574602b3784e3d98,LINK,-0.008151956
0xf5061bd41966374d89ddeada574602b3784e3d98,LTC,0.060300477
0xf5061bd41966374d89ddeada574602b3784e3d98,MATIC,0.020037448
0xf5061bd41966374d89ddeada574602b3784e3d98,MKR,0.0067689638
0xf5061bd41966374d89ddeada574602b3784e3d98,NEAR,0.002573127
0xf5061bd41966374d89ddeada574602b3784e3d98,RUNE,0.0104281325
0xf5061bd41966374d89ddeada574602b3784e3d98,SNX,0.013779296
0xf5061bd41966374d89ddeada574602b3784e3d98,SOL,-0.004633783
0xf5061bd41966374d89ddeada574602b3784e3d98,SUSHI,0.033278175
0xf5061bd41966374d89ddeada574602b3784e3d98,TRX,-0.010853374
0xf5061bd41966374d89ddeada574602b3784e3d98,UMA,0.010197862
0xf5061bd41966374d89ddeada574602b3784e3d98,UNI,-0.004765577
0xf5061bd41966374d89ddeada574602b3784e3d98,XLM,-0.031172
0xf5061bd41966374d89ddeada574602b3784e3d98,XMR,-0.025936184
0xf5061bd41966374d89ddeada574602b3784e3d98,XTZ,0.005061915
0xf5061bd41966374d89ddeada574602b3784e3d98,YFI,0.0009446
0xf5061bd41966374d89ddeada574602b3784e3d98,ZEC,0.012087304
0xf5061bd41966374d89ddeada574602b3784e3d98,ZRX,-0.030728007
0xf8d50e3283fb6bf41260f7f294a48587d2a9b1fa,1INCH,-0.0186146196104157
0xf8d50e3283fb6bf41260f7f294a48587d2a9b1fa,AAVE,-0.0039314467682344
0xf8d50e3283fb6bf41260f7f294a48587d2a9b1fa,ADA,0.0346028775629093
0xf8d50e3283fb6bf41260f7f294a48587d2a9b1fa,ALGO,-0.0034112709181117
0xf8d50e3283fb6bf41260f7f294a48587d2a9b1fa,ATOM,-0.0151820203884593
0xf8d50e3283fb6bf41260f7f294a48587d2a9b1fa,AVAX,-0.0075646638390306
0xf8d50e3283fb6bf41260f7f294a48587d2a9b1fa,BCH,-0.0137756368025779
0xf8d50e3283fb6bf41260f7f294a48587d2a9b1fa,BTC,-0.0598149939868064
0xf8d50e3283fb6bf41260f7f294a48587d2a9b1fa,CELO,-0.036772764821927
0xf8d50e3283fb6bf41260f7f294a48587d2a9b1fa,COMP,-0.0242479352902601
0xf8d50e3283fb6bf41260f7f294a48587d2a9b1fa,CRV,-0.0467777664087214
0xf8d50e3283fb6bf41260f7f294a48587d2a9b1fa,DOGE,0.0289721287495694
0xf8d50e3283fb6bf41260f7f294a48587d2a9b1fa,DOT,-0.0382367077467365
0xf8d50e3283fb6bf41260f7f294a48587d2a9b1fa,ENJ,-0.0322370284517156
0xf8d50e3283fb6bf41260f7f294a48587d2a9b1fa,EOS,-0.0026485654319919
0xf8d50e3283fb6bf41260f7f294a48587d2a9b1fa,ETC,0.0205791513525443
0xf8d50e3283fb6bf41260f7f294a48587d2a9b1fa,ETH,0.0250003933665861
0xf8d50e3283fb6bf41260f7f294a48587d2a9b1fa,FIL,-0.0381229795013562
0xf8d50e3283fb6bf41260f7f294a48587d2a9b1fa,ICP,-0.0428738050681612
0xf8d50e3283fb6bf41260f7f294a48587d2a9b1fa,LINK,-0.0141569649550369
0xf8d50e3283fb6bf41260f7f294a48587d2a9b1fa,LTC,0.0047820308310627
0xf8d50e3283fb6bf41260f7f294a48587d2a9b1fa,MATIC,0.0014950945276986
0xf8d50e3283fb6bf41260f7f294a48587d2a9b1fa,MKR,-0.015940118310949
0xf8d50e3283fb6bf41260f7f294a48587d2a9b1fa,NEAR,0.0316696517527934
0xf8d50e3283fb6bf41260f7f294a48587d2a9b1fa,RUNE,-0.0265251547598273
0xf8d50e3283fb6bf41260f7f294a48587d2a9b1fa,SNX,-0.0405832981222209
0xf8d50e3283fb6bf41260f7f294a48587d2a9b1fa,SOL,0.0064934871133234
0xf8d50e3283fb6bf41260f7f294a48587d2a9b1fa,SUSHI,-0.0205341954026611
0xf8d50e3283fb6bf41260f7f294a48587d2a9b1fa,TRX,0.0134025353774321
0xf8d50e3283fb6bf41260f7f294a48587d2a9b1fa,UMA,-0.005911039005847
0xf8d50e3283fb6bf41260f7f294a48587d2a9b1fa,UNI,-0.0127890269682845
0xf8d50e3283fb6bf41260f7f294a48587d2a9b1fa,XLM,-0.0745670954168876
0xf8d50e3283fb6bf41260f7f294a48587d2a9b1fa,XMR,-0.0157102770247765
0xf8d50e3283fb6bf41260f7f294a48587d2a9b1fa,XTZ,-0.0179943929758526
0xf8d50e3283fb6bf41260f7f294a48587d2a9b1fa,YFI,-0.0443444200638449
0xf8d50e3283fb6bf41260f7f294a48587d2a9b1fa,ZEC,-0.0626134469911503
0xf8d50e3283fb6bf41260f7f294a48587d2a9b1fa,ZRX,-0.0464924101139599
0xfb8bc3433016a64a3b8aa23c0275afe7c20feb53,1INCH,0.00044190884
0xfb8bc3433016a64a3b8aa23c0275afe7c20feb53,AAVE,0.0035288334
0xfb8bc3433016a64a3b8aa23c0275afe7c20feb53,ADA,-0.0032497644
0xfb8bc3433016a64a3b8aa23c0275afe7c20feb53,ALGO,0.00011301041
0xfb8bc3433016a64a3b8aa23c0275afe7c20feb53,ATOM,0.000330925
0xfb8bc3433016a64a3b8aa23c0275afe7c20feb53,AVAX,0.011259079
0xfb8bc3433016a64a3b8aa23c0275afe7c20feb53,BCH,-0.012741506
0xfb8bc3433016a64a3b8aa23c0275afe7c20feb53,BTC,-0.012470365
0xfb8bc3433016a64a3b8aa23c0275afe7c20feb53,CELO,-0.009028554
0xfb8bc3433016a64a3b8aa23c0275afe7c20feb53,COMP,-0.0056954026
0xfb8bc3433016a64a3b8aa23c0275afe7c20feb53,CRV,0.0133183
0xfb8bc3433016a64a3b8aa23c0275afe7c20feb53,DOGE,0.020612359
0xfb8bc3433016a64a3b8aa23c0275afe7c20feb53,DOT,0.0098388195
0xfb8bc3433016a64a3b8aa23c0275afe7c20feb53,ENJ,-0.01364249
0xfb8bc3433016a64a3b8aa23c0275afe7c20feb53,EOS,0.00062680244
0xfb8bc3433016a64a3b8aa23c0275afe7c20feb53,ETC,-0.00060760975
0xfb8bc3433016a64a3b8aa23c0275afe7c20feb53,ETH,0.004299283
0xfb8bc3433016a64a3b8aa23c0275afe7c20feb53,FIL,-0.011487603
0xfb8bc3433016a64a3b8aa23c0275afe7c20feb53,ICP,-0.0114607215
0xfb8bc3433016a64a3b8aa23c0275afe7c20feb53,LINK,-0.00030452013
0xfb8bc3433016a64a3b8aa23c0275afe7c20feb53,LTC,-0.015101552
0xfb8bc3433016a64a3b8aa23c0275afe7c20feb53,MATIC,-0.015251756
0xfb8bc3433016a64a3b8aa23c0275afe7c20feb53,MKR,0.009703755
0xfb8bc3433016a64a3b8aa23c0275afe7c20feb53,NEAR,-0.0016914606
0xfb8bc3433016a64a3b8aa23c0275afe7c20feb53,RUNE,-0.006244123
0xfb8bc3433016a64a3b8aa23c0275afe7c20feb53,SNX,-0.016211748
0xfb8bc3433016a64a3b8aa23c0275afe7c20feb53,SOL,-0.030305088
0xfb8bc3433016a64a3b8aa23c0275afe7c20feb53,SUSHI,-0.0050017834
0xfb8bc3433016a64a3b8aa23c0275afe7c20feb53,TRX,-0.029528916
0xfb8bc3433016a64a3b8aa23c0275afe7c20feb53,UMA,-0.022645652
0xfb8bc3433016a64a3b8aa23c0275afe7c20feb53,UNI,-0.0053355694
0xfb8bc3433016a64a3b8aa23c0275afe7c20feb53,XLM,-0.012449682
0xfb8bc3433016a64a3b8aa23c0275afe7c20feb53,XMR,-0.023187041
0xfb8bc3433016a64a3b8aa23c0275afe7c20feb53,XTZ,0.0092971325
0xfb8bc3433016a64a3b8aa23c0275afe7c20feb53,YFI,-0.007684529
0xfb8bc3433016a64a3b8aa23c0275afe7c20feb53,ZEC,-0.008344412
0xfb8bc3433016a64a3b8aa23c0275afe7c20feb53,ZRX,-0.013459027
0xfe3c3f351e6df846566e10119e4295ed69b2cd72,1INCH,-0.011558592
0xfe3c3f351e6df846566e10119e4295ed69b2cd72,AAVE,-0.0025656223
0xfe3c3f351e6df846566e10119e4295ed69b2cd72,ADA,0.00022041798
0xfe3c3f351e6df846566e10119e4295ed69b2cd72,ALGO,-0.005509913
0xfe3c3f351e6df846566e10119e4295ed69b2cd72,ATOM,-0.019994557
0xfe3c3f351e6df846566e10119e4295ed69b2cd72,AVAX,0.02350223
0xfe3c3f351e6df846566e10119e4295ed69b2cd72,BCH,-0.008808851
0xfe3c3f351e6df846566e10119e4295ed69b2cd72,BTC,-0.014126778
0xfe3c3f351e6df846566e10119e4295ed69b2cd72,CELO,-0.016474724
0xfe3c3f351e6df846566e10119e4295ed69b2cd72,COMP,-0.016352355
0xfe3c3f351e6df846566e10119e4295ed69b2cd72,CRV,0.016513705
0xfe3c3f351e6df846566e10119e4295ed69b2cd72,DOGE,-0.004297197
0xfe3c3f351e6df846566e10119e4295ed69b2cd72,DOT,0.009120345
0xfe3c3f351e6df846566e10119e4295ed69b2cd72,ENJ,-0.0097641945
0xfe3c3f351e6df846566e10119e4295ed69b2cd72,EOS,0.0064952374
0xfe3c3f351e6df846566e10119e4295ed69b2cd72,ETC,-0.008932352
0xfe3c3f351e6df846566e10119e4295ed69b2cd72,ETH,0.0007853508
0xfe3c3f351e6df846566e10119e4295ed69b2cd72,FIL,0.007380843
0xfe3c3f351e6df846566e10119e4295ed69b2cd72,ICP,-0.014505565
0xfe3c3f351e6df846566e10119e4295ed69b2cd72,LINK,0.0019515753
0xfe3c3f351e6df846566e10119e4295ed69b2cd72,LTC,-0.008614004
0xfe3c3f351e6df846566e10119e4295ed69b2cd72,MATIC,-0.0021309257
0xfe3c3f351e6df846566e10119e4295ed69b2cd72,MKR,-0.0026201606
0xfe3c3f351e6df846566e10119e4295ed69b2cd72,NEAR,0.013870716
0xfe3c3f351e6df846566e10119e4295ed69b2cd72,RUNE,-0.005089104
0xfe3c3f351e6df846566e10119e4295ed69b2cd72,SNX,-0.022741497
0xfe3c3f351e6df846566e10119e4295ed69b2cd72,SOL,-0.021152258
0xfe3c3f351e6df846566e10119e4295ed69b2cd72,SUSHI,-0.008110583
0xfe3c3f351e6df846566e10119e4295ed69b2cd72,TRX,-0.025842905
0xfe3c3f351e6df846566e10119e4295ed69b2cd72,UMA,-0.024474978
0xfe3c3f351e6df846566e10119e4295ed69b2cd72,UNI,0.0004121065
0xfe3c3f351e6df846566e10119e4295ed69b2cd72,XLM,-0.014373839
0xfe3c3f351e6df846566e10119e4295ed69b2cd72,XMR,-0.015411437
0xfe3c3f351e6df846566e10119e4295ed69b2cd72,XTZ,0.0058294535
0xfe3c3f351e6df846566e10119e4295ed69b2cd72,YFI,-0.020612836
0xfe3c3f351e6df846566e10119e4295ed69b2cd72,ZEC,-0.009116709
0xfe3c3f351e6df846566e10119e4295ed69b2cd72,ZRX,-0.014616251
