date,symbol,target_updown,target_neutral
2023-06-18,0xBTC,-0.10076115793634344,0.05078125
2023-06-18,1INCH,0.19071543468767338,0.8619791666666666
2023-06-18,AAC,0.16114673550022118,0.8072916666666666
2023-06-18,AAVE,0.35222732958254066,0.9713541666666666
2023-06-18,ABT,-0.010633523446480386,0.16796875
2023-06-18,ABX,0.12197618101032481,0.6614583333333334
2023-06-18,ADA,0.12061822402730615,0.6536458333333334
2023-06-18,ADB,0.1250709183872334,0.671875
2023-06-18,ADI,0.13158721870876922,0.70703125
2023-06-18,ADX,0.11438667073844089,0.6223958333333334
2023-06-18,AERGO,0.1362031116599256,0.72265625
2023-06-18,AGIX,0.12818500251164222,0.6888020833333334
2023-06-18,AGLD,0.10507553439154793,0.5846354166666666
2023-06-18,AIOZ,0.039990920527196216,0.34375
2023-06-18,AKRO,0.04370127464200335,0.3580729166666667
2023-06-18,ALCX,0.12720303008629497,0.6796875
2023-06-18,ALEPH,0.057404062706328585,0.4088541666666667
2023-06-18,ALGO,0.19300027701909683,0.875
2023-06-18,ALICE,0.18519676671430885,0.8541666666666666
2023-06-18,ALPHA,0.10198423755447839,0.5690104166666666
2023-06-18,AMN,0.12197618100217489,0.65625
2023-06-18,AMO,-0.009417647876989954,0.17447916666666666
2023-06-18,AMON,-0.09927456987381356,0.052083333333333336
2023-06-18,AMP,0.10750276773712297,0.6002604166666666
2023-06-18,AMPL,0.37853375049925964,0.9778645833333334
2023-06-18,ANKR,0.2619473962197565,0.9388020833333334
2023-06-18,ANT,0.07251217303512814,0.4635416666666667
2023-06-18,AOA,0.1101789705720897,0.60546875
2023-06-18,APE,0.12834422194917394,0.6901041666666666
2023-06-18,API3,0.12276820692192114,0.6666666666666666
2023-06-18,APM,-0.025958002252012724,0.12630208333333334
2023-06-18,APY,0.10255360625280519,0.5703125
2023-06-18,AQT,0.18061845241592067,0.84375
2023-06-18,ARPA,0.26133426968333207,0.9375
2023-06-18,ASM,0.044409193218545084,0.3645833333333333
2023-06-18,AST,0.07958022623693028,0.4856770833333333
2023-06-18,ATA,0.14812290073516188,0.7578125
2023-06-18,ATOM,0.1064594632870366,0.5885416666666666
2023-06-18,AUC,-0.2157001693234637,0.015625
2023-06-18,AUCTION,0.10484180532799603,0.5807291666666666
2023-06-18,AUDIO,0.13433429314181566,0.7174479166666666
2023-06-18,AURA,0.05682451023239432,0.4075520833333333
2023-06-18,AURORA,0.023277029733230536,0.2994791666666667
2023-06-18,AVAX,0.18496475538532064,0.8515625
2023-06-18,AVINOC,-0.0745797227651005,0.06380208333333333
2023-06-18,AVT,0.03770772065061245,0.3385416666666667
2023-06-18,AWC,-0.26755056072747907,0.01171875
2023-06-18,AXIS,0.22820891794252907,0.9166666666666666
2023-06-18,AXL,0.033924130422053445,0.3268229166666667
2023-06-18,AXP,0.12783910194943293,0.6861979166666666
2023-06-18,AXS,0.20927130586715426,0.8958333333333334
2023-06-18,AZ,-0.0039574410027879425,0.19661458333333334
2023-06-18,AZUKI,0.8452254564146322,0.9973958333333334
2023-06-18,BAAS,-0.08271165483720022,0.055989583333333336
2023-06-18,BAC,-0.017719005794990306,0.14322916666666666
2023-06-18,BADGER,0.10325765651374375,0.5716145833333334
2023-06-18,BAL,0.10676083552982929,0.5911458333333334
2023-06-18,BALPHA,0.15032393311212777,0.7643229166666666
2023-06-18,BAND,0.21498667061459864,0.9049479166666666
2023-06-18,BANK,0.10553060516121193,0.5859375
2023-06-18,BASE,-0.07586638531271506,0.0625
2023-06-18,BAT,0.16332064235592458,0.80859375
2023-06-18,BAX,-0.03012165855335669,0.1171875
2023-06-18,BCDT,0.2866851636209964,0.953125
2023-06-18,BCH,0.8253553162271061,0.99609375
2023-06-18,BDP,0.0754174308720732,0.4752604166666667
2023-06-18,BEL,0.2030549907592314,0.8880208333333334
2023-06-18,BETA,0.07730311974376192,0.4817708333333333
2023-06-18,BFT,-0.05633428294120091,0.07942708333333333
2023-06-18,BGB,0.05633629107799165,0.40625
2023-06-18,BICO,0.08760068279092503,0.5143229166666666
2023-06-18,BIOT,0.10664766950060378,0.58984375
2023-06-18,BIT,0.03891822289536506,0.3411458333333333
2023-06-18,BIX,-0.03483788083406625,0.109375
2023-06-18,BLANK,-0.029493076903045812,0.12239583333333333
2023-06-18,BLUR,0.016592111554678324,0.2786458333333333
2023-06-18,BLY,-0.030097774516993914,0.11979166666666667
2023-06-18,BLZ,0.21747230801644934,0.91015625
2023-06-18,BMI,0.024133528227116896,0.3046875
2023-06-18,BMX,0.1541392392315375,0.77734375
2023-06-18,BNT,0.11896414599935579,0.6484375
2023-06-18,BOA,0.07587880975506067,0.4778645833333333
2023-06-18,BOB,-0.013488036218606614,0.15885416666666666
2023-06-18,BOLT,0.19403546787700954,0.8776041666666666
2023-06-18,BOMB,0.3730973655497434,0.9752604166666666
2023-06-18,BOND,0.23311258489790565,0.91796875
2023-06-18,BONDLY,0.04421923329032018,0.36328125
2023-06-18,BONE,0.31097232726898727,0.9635416666666666
2023-06-18,BOSON,-0.001594832918817124,0.20442708333333334
2023-06-18,BOX,0.08486311993027496,0.5078125
2023-06-18,BP,-0.04489697134084225,0.09635416666666667
2023-06-18,BPT,0.016809574556514217,0.2799479166666667
2023-06-18,BRD,-0.3312690939291032,0.005208333333333333
2023-06-18,BTB,-0.29335514062775425,0.0078125
2023-06-18,BTC,0.15733228984945113,0.7942708333333334
2023-06-18,BTR,0.13518441993481378,0.71875
2023-06-18,BTRST,-0.12781639903929665,0.037760416666666664
2023-06-18,BUSD,0.00026839426337321726,0.22526041666666666
2023-06-18,BZZ,0.2845247806702076,0.94921875
2023-06-18,C98,0.1648253331763998,0.8125
2023-06-18,CAJ,0.11546396727555819,0.6302083333333334
2023-06-18,CARD,0.07591155505046898,0.4791666666666667
2023-06-18,CAS,0.030604404731802592,0.31640625
2023-06-18,CBC,0.09379542773221994,0.5494791666666666
2023-06-18,CBG,-0.038267617014936084,0.10416666666666667
2023-06-18,CBK,0.09327287057547151,0.546875
2023-06-18,CEEK,0.08130049263630634,0.48828125
2023-06-18,CEL,0.1336676123853704,0.7122395833333334
2023-06-18,CELL,0.04837490522902943,0.3828125
2023-06-18,CELO,0.2802375268984738,0.9466145833333334
2023-06-18,CELR,0.22671734336354277,0.9153645833333334
2023-06-18,CFi,0.08279158411697529,0.4973958333333333
2023-06-18,CGG,0.012629735523967733,0.2643229166666667
2023-06-18,CHO,-0.2147885937641505,0.016927083333333332
2023-06-18,CHR,0.13942165385798844,0.7291666666666666
2023-06-18,CHSB,0.047904135334004616,0.3802083333333333
2023-06-18,CHZ,0.19180506909758432,0.8697916666666666
2023-06-18,CIRUS,-0.030113160716566556,0.11848958333333333
2023-06-18,CLS,0.036672399837758496,0.3307291666666667
2023-06-18,CLV,-0.03605169181585621,0.10807291666666667
2023-06-18,CND,-0.0022909058846775077,0.20182291666666666
2023-06-18,COFI,-0.12588771024343492,0.0390625
2023-06-18,COMBO,-0.19850178812762098,0.0234375
2023-06-18,COMP,0.35375236047662373,0.97265625
2023-06-18,CON,0.005720492509560415,0.24869791666666666
2023-06-18,CONV,0.0752527603953459,0.4739583333333333
2023-06-18,COV,-0.029494115723893155,0.12109375
2023-06-18,COVAL,0.09222450888990186,0.5390625
2023-06-18,CPC,0.10110781516702305,0.5677083333333334
2023-06-18,CQT,0.026929309981716942,0.3111979166666667
2023-06-18,CRE,0.07449746339230545,0.47265625
2023-06-18,CREAM,0.4887059828672209,0.9869791666666666
2023-06-18,CRO,0.0915516633058564,0.53515625
2023-06-18,CRPT,0.0947446325311041,0.5533854166666666
2023-06-18,CRU,-0.015162996496533077,0.15364583333333334
2023-06-18,CRV,0.12889357821844616,0.69140625
2023-06-18,CSP,0.13132499054162627,0.7057291666666666
2023-06-18,CTSI,0.20987333436598488,0.8971354166666666
2023-06-18,CTXC,0.06074090866851334,0.421875
2023-06-18,CUBE,0.08265827742830267,0.49609375
2023-06-18,CUDOS,0.05069635121013549,0.3919270833333333
2023-06-18,CULT,0.10394813326866092,0.5755208333333334
2023-06-18,CV,0.13291145241539493,0.7096354166666666
2023-06-18,CVC,0.14864441237100046,0.7604166666666666
2023-06-18,CVP,0.12589257194619807,0.67578125
2023-06-18,CVR,-0.12280202465427215,0.04296875
2023-06-18,CVT,0.0005616113697324288,0.22786458333333334
2023-06-18,CVX,0.11659574779986426,0.6354166666666666
2023-06-18,CWS,0.1276674897089045,0.6848958333333334
2023-06-18,CYCLUB,-0.2054778057131662,0.01953125
2023-06-18,DAD,0.021425469575088396,0.2942708333333333
2023-06-18,DAFI,0.014057005682253987,0.2721354166666667
2023-06-18,DAI,-4.246786779349421e-06,0.22135416666666666
2023-06-18,DAO,0.054299553822623636,0.40234375
2023-06-18,DAR,0.15969752480140365,0.8033854166666666
2023-06-18,DATA,0.11646998143141674,0.6341145833333334
2023-06-18,DAWN,0.14977203608584144,0.7630208333333334
2023-06-18,DAX,0.012842142684471813,0.265625
2023-06-18,DC,-0.020999167543232833,0.13671875
2023-06-18,DCN,-0.4100182811159222,0.0013020833333333333
2023-06-18,DDD,-0.051304931823022426,0.08854166666666667
2023-06-18,DDIM,0.023705822968997037,0.3033854166666667
2023-06-18,DDX,-0.006152215000634453,0.18359375
2023-06-18,DEC,0.09503799166964066,0.5546875
2023-06-18,DEGO,0.12805494224668545,0.6875
2023-06-18,DENT,0.21786090780634026,0.9114583333333334
2023-06-18,DEP,-0.010394008757220297,0.17057291666666666
2023-06-18,DERC,0.215014980454187,0.90625
2023-06-18,DERI,0.0436073939606576,0.3567708333333333
2023-06-18,DEXE,0.11871554689937902,0.6458333333333334
2023-06-18,DEXT,0.15083717315353873,0.765625
2023-06-18,DFA,0.006845001240175508,0.2526041666666667
2023-06-18,DG,0.07030939789682966,0.4466145833333333
2023-06-18,DGX,0.01564345053808247,0.2760416666666667
2023-06-18,DHT,0.11691605500548752,0.63671875
2023-06-18,DHV,0.03347128672929145,0.32421875
2023-06-18,DIA,0.12982796510035,0.6953125
2023-06-18,DIGG,0.05213834352260416,0.3971354166666667
2023-06-18,DIO,0.07102314541314136,0.453125
2023-06-18,DIP,0.15084221147723653,0.7669270833333334
2023-06-18,DKA,0.13427996565513944,0.7161458333333334
2023-06-18,DLT,0.15642129950316863,0.791015625
2023-06-18,DMG,0.037143929838985734,0.33203125
2023-06-18,DNT,0.07246336457111702,0.4622395833333333
2023-06-18,DOCK,0.15697366946707825,0.79296875
2023-06-18,DODO,0.1373035969141021,0.7265625
2023-06-18,DOGE,0.07384916256687002,0.4700520833333333
2023-06-18,DORA,0.29665394680148593,0.9583333333333334
2023-06-18,DOS,-0.060635824507250025,0.06901041666666667
2023-06-18,DOT,0.1464391456609888,0.7513020833333334
2023-06-18,DOUGH,0.0916396634803689,0.5364583333333334
2023-06-18,DOWS,-0.017538877931825625,0.14453125
2023-06-18,DPI,0.1903252182756403,0.859375
2023-06-18,DPR,-0.05352066600547811,0.08463541666666667
2023-06-18,DPY,0.07066491348388082,0.4518229166666667
2023-06-18,DRGN,0.1073216790804361,0.59765625
2023-06-18,DSLA,0.08437442596212996,0.50390625
2023-06-18,DUCK,0.04915070537936006,0.38671875
2023-06-18,DUSK,0.24451358760991493,0.9231770833333334
2023-06-18,DVF,0.0007414944874977181,0.23828125
2023-06-18,DVI,0.040793389343415365,0.34765625
2023-06-18,DVP,0.02004897742926559,0.2890625
2023-06-18,DVPN,-0.11823270635295302,0.045572916666666664
2023-06-18,DX,0.12577601666706317,0.6731770833333334
2023-06-18,DXD,0.20410887643809272,0.890625
2023-06-18,DYDX,0.17508143460432257,0.8346354166666666
2023-06-18,DYP,0.029778844259419346,0.3138020833333333
2023-06-18,EASY,-0.07035343540968475,0.06640625
2023-06-18,EDEN,0.08632205334836285,0.5104166666666666
2023-06-18,EFI,0.2554239423208087,0.9348958333333334
2023-06-18,EGG,-0.033674073410269734,0.11067708333333333
2023-06-18,EGT,-0.04971590996158537,0.08984375
2023-06-18,EKT,0.030232344049022863,0.3151041666666667
2023-06-18,ELEC,-0.005867826977455026,0.1875
2023-06-18,ELF,0.07604619739557328,0.48046875
2023-06-18,ELON,0.11346423835720243,0.6197916666666666
2023-06-18,EM,-0.009970151730090748,0.171875
2023-06-18,EMRX,0.0005841252621074933,0.232421875
2023-06-18,ENG,-0.1251835631419015,0.040364583333333336
2023-06-18,ENJ,0.18991474446086154,0.8580729166666666
2023-06-18,ENQ,-0.021012237062492445,0.13541666666666666
2023-06-18,ENS,0.17263302559793714,0.8307291666666666
2023-06-18,EOS,0.15502109136178066,0.7799479166666666
2023-06-18,EOSDAC,-0.00631726566723978,0.18098958333333334
2023-06-18,EPIK,-0.028655927188273145,0.12369791666666667
2023-06-18,EQUAD,0.17389840300162018,0.8333333333333334
2023-06-18,ERN,0.11511889709162837,0.6263020833333334
2023-06-18,ESD,0.12197618100525376,0.66015625
2023-06-18,ESH,0.15642129950308759,0.7890625
2023-06-18,ETC,0.206086472683217,0.8919270833333334
2023-06-18,ETH,0.10453396388042568,0.5794270833333334
2023-06-18,EUM,0.06770690027421744,0.4375
2023-06-18,EUROC,-0.0044619210077243565,0.19401041666666666
2023-06-18,EURS,-0.000866624566415175,0.2109375
2023-06-18,EVED,0.5153106683144122,0.9908854166666666
2023-06-18,EVX,-0.7607518040749697,0.0
2023-06-18,EVY,0.33754264579086257,0.9700520833333334
2023-06-18,EWT,0.07283999332660063,0.46484375
2023-06-18,EXRD,0.3107196809800876,0.9622395833333334
2023-06-18,FARM,0.15754155725866759,0.7955729166666666
2023-06-18,FCL,-0.05408297340047119,0.08333333333333333
2023-06-18,FEAR,0.14499845390754595,0.7421875
2023-06-18,FEI,-0.01530583062308788,0.15234375
2023-06-18,FET,0.24477530204949582,0.9244791666666666
2023-06-18,FIL,0.12211755166293936,0.6653645833333334
2023-06-18,FIS,0.11099159938587588,0.609375
2023-06-18,FLOKI,0.2519226943570658,0.9309895833333334
2023-06-18,FLUX,0.15354458627222067,0.7760416666666666
2023-06-18,FLX,0.12355637863095792,0.66796875
2023-06-18,FOAM,0.41104617278816824,0.9817708333333334
2023-06-18,FOR,0.11468422461598204,0.6236979166666666
2023-06-18,FORM,-0.046454515778742045,0.09505208333333333
2023-06-18,FORT,0.014567523014118233,0.2747395833333333
2023-06-18,FORTH,0.18537144365631408,0.85546875
2023-06-18,FOX,0.08413480199850021,0.5026041666666666
2023-06-18,FRAX,-0.00045849957095123184,0.21484375
2023-06-18,FRM,0.03519800874509382,0.328125
2023-06-18,FRONT,0.1598715401224513,0.8046875
2023-06-18,FTI,-0.023180264518743443,0.12890625
2023-06-18,FTM,0.19148937075076367,0.8671875
2023-06-18,FTT,0.2588156897670624,0.9361979166666666
2023-06-18,FUEL,-0.015812828809548374,0.15104166666666666
2023-06-18,FUN,0.12732503293998132,0.6809895833333334
2023-06-18,FUSE,0.07545963643995335,0.4765625
2023-06-18,FWT,-0.10869658434058338,0.048177083333333336
2023-06-18,FX,0.10498067024766877,0.5833333333333334
2023-06-18,FXF,-0.26765362608557874,0.010416666666666666
2023-06-18,FXS,0.09740714302772568,0.55859375
2023-06-18,GAL,0.1470666045463589,0.75390625
2023-06-18,GALA,0.1683070678422971,0.8177083333333334
2023-06-18,GARD,0.0990106891634801,0.5625
2023-06-18,GEEQ,0.09299001423742026,0.54296875
2023-06-18,GEL,0.008376138136248379,0.2578125
2023-06-18,GEM,0.4364654749819459,0.984375
2023-06-18,GET,0.03721639636314711,0.3346354166666667
2023-06-18,GF,0.11211677099199546,0.61328125
2023-06-18,GFI,0.1443333906612636,0.7395833333333334
2023-06-18,GHST,0.11292642239052797,0.6145833333333334
2023-06-18,GLCH,0.06819134839360053,0.4388020833333333
2023-06-18,GLM,0.13686865386658842,0.7239583333333334
2023-06-18,GLQ,0.14746861854405635,0.7552083333333334
2023-06-18,GMAT,-0.011972578647075904,0.1640625
2023-06-18,GMEE,0.048361815594786695,0.3815104166666667
2023-06-18,GNO,0.08698866732179455,0.5130208333333334
2023-06-18,GNX,-0.20169555524210192,0.022135416666666668
2023-06-18,GODS,0.4039394499145059,0.98046875
2023-06-18,GOF,-0.08318732965778353,0.0546875
2023-06-18,GOG,0.08577124648861068,0.5091145833333334
2023-06-18,GRT,0.14755618667477388,0.7565104166666666
2023-06-18,GRV,-0.07688004905415369,0.061197916666666664
2023-06-18,GS,-0.0024566119338721437,0.20052083333333334
2023-06-18,GSC,0.046765085262503225,0.3763020833333333
2023-06-18,GSWAP,0.04106247148660391,0.3489583333333333
2023-06-18,GT,0.06879756917821767,0.44140625
2023-06-18,GTC,0.20007927809391868,0.8815104166666666
2023-06-18,GUM,-0.04096171424325201,0.10026041666666667
2023-06-18,GUSD,0.006678823444066451,0.2513020833333333
2023-06-18,GVT,-0.008214172692719512,0.17708333333333334
2023-06-18,GYEN,-0.0009098606069767312,0.20963541666666666
2023-06-18,HAI,0.1577973349366304,0.796875
2023-06-18,HAKKA,-0.03161271121069853,0.11588541666666667
2023-06-18,HANDY,-0.013830544790308874,0.15625
2023-06-18,HAPI,0.04578829269161799,0.3723958333333333
2023-06-18,HBTC,0.1557647346894082,0.78125
2023-06-18,HEGIC,0.16371873638994905,0.8098958333333334
2023-06-18,HEX,-0.13400208964951432,0.032552083333333336
2023-06-18,HEZ,0.02471156722994583,0.3059895833333333
2023-06-18,HFT,0.1424033532651332,0.7356770833333334
2023-06-18,HGET,0.03761528261433611,0.3372395833333333
2023-06-18,HI,-0.12869597337505867,0.036458333333333336
2023-06-18,HIFI,0.19332806693717774,0.8763020833333334
2023-06-18,HIGH,0.08913578210064022,0.51953125
2023-06-18,HIT,-0.20835600235417573,0.018229166666666668
2023-06-18,HMQ,0.041609285701864174,0.3502604166666667
2023-06-18,HOGE,0.05875051338105508,0.4140625
2023-06-18,HOPR,0.001042005645451427,0.24088541666666666
2023-06-18,HOT,0.12435944929047871,0.6705729166666666
2023-06-18,HPT,-0.010603857254032789,0.16927083333333334
2023-06-18,HSC,0.08654854822258207,0.51171875
2023-06-18,HSF,-0.0007469721278196007,0.21223958333333334
2023-06-18,HT,0.0403452345186901,0.3463541666666667
2023-06-18,HUNT,0.151970253542552,0.7708333333333334
2023-06-18,HUSD,0.0337424962763917,0.3255208333333333
2023-06-18,HYVE,0.07149354879711645,0.4557291666666667
2023-06-18,ICP,0.09403900240972507,0.55078125
2023-06-18,ID,-0.03308418019803627,0.11328125
2023-06-18,IDEX,0.15962447463300888,0.80078125
2023-06-18,IDRT,0.00014519194194884122,0.22395833333333334
2023-06-18,IF,0.018518825270777528,0.2838541666666667
2023-06-18,IHF,-0.00016510439690387013,0.21744791666666666
2023-06-18,IHT,0.1594579875623623,0.7994791666666666
2023-06-18,ILV,0.07829049932316456,0.484375
2023-06-18,IMGNAI,-0.14819841798523226,0.028645833333333332
2023-06-18,IMX,0.19121805883127752,0.8658854166666666
2023-06-18,INJ,0.1680939349340289,0.81640625
2023-06-18,INSUR,0.09571913184412861,0.5572916666666666
2023-06-18,INV,0.07186853677428351,0.4583333333333333
2023-06-18,INXT,-0.1722340794500974,0.024739583333333332
2023-06-18,IQN,0.13065222762269002,0.703125
2023-06-18,ISP,0.20225478278179598,0.88671875
2023-06-18,JAR,0.2849568005586294,0.9505208333333334
2023-06-18,JASMY,0.2258346678765566,0.9140625
2023-06-18,JRT,0.0833795219974589,0.4986979166666667
2023-06-18,K21,0.19473680426505857,0.87890625
2023-06-18,KAI,0.1269367548176652,0.6783854166666666
2023-06-18,KAN,0.039425344983456734,0.3424479166666667
2023-06-18,KCASH,0.06149470458369288,0.4231770833333333
2023-06-18,KCS,-0.04663486765195146,0.09375
2023-06-18,KEEP,0.37561395200362124,0.9765625
2023-06-18,KEX,0.09288244503662835,0.5416666666666666
2023-06-18,KEY,0.04506069631000886,0.3671875
2023-06-18,KNC,0.2151385257165903,0.9075520833333334
2023-06-18,KOK,0.00940522419563683,0.2630208333333333
2023-06-18,KONO,0.031055329462029935,0.3177083333333333
2023-06-18,KP3R,0.1179410916313568,0.640625
2023-06-18,KRL,0.01748805254186303,0.2825520833333333
2023-06-18,KTN,0.50634030985963,0.9895833333333334
2023-06-18,KTON,-0.04234817695406279,0.09765625
2023-06-18,KYL,0.05203599331371023,0.3958333333333333
2023-06-18,L2,0.05297796143676092,0.3984375
2023-06-18,LAMB,0.05447805867278954,0.4036458333333333
2023-06-18,LAYER,0.07115633613182348,0.4544270833333333
2023-06-18,LBA,0.12904146838052344,0.6927083333333334
2023-06-18,LCX,0.38881911554861825,0.9791666666666666
2023-06-18,LDO,0.1330718116212397,0.7109375
2023-06-18,LEO,0.09196367274032502,0.5377604166666666
2023-06-18,LET,0.013235614204770263,0.2682291666666667
2023-06-18,LEVER,0.15800894358067685,0.7981770833333334
2023-06-18,LGCY,-0.014561449315810715,0.15494791666666666
2023-06-18,LINA,0.05913623960802261,0.4153645833333333
2023-06-18,LINK,0.19151589505634914,0.8684895833333334
2023-06-18,LINKA,0.15642129950316863,0.791015625
2023-06-18,LIT,0.1562343043490837,0.7877604166666666
2023-06-18,LOKA,0.11984442636702508,0.65234375
2023-06-18,LON,0.03250497830879895,0.3216145833333333
2023-06-18,LOOKS,0.28308264542708095,0.9479166666666666
2023-06-18,LOOM,0.15621837298833596,0.7864583333333334
2023-06-18,LPT,0.14145805564655123,0.7330729166666666
2023-06-18,LQTY,0.16571091789227865,0.8151041666666666
2023-06-18,LRC,0.13993578146243113,0.73046875
2023-06-18,LSS,0.032658920728865226,0.3229166666666667
2023-06-18,LTC,0.14371161532226817,0.7369791666666666
2023-06-18,LTX,0.19208903883899198,0.8723958333333334
2023-06-18,LUNA,0.1765479976374904,0.8385416666666666
2023-06-18,LUSD,-0.005474375988535174,0.19140625
2023-06-18,LYM,0.14046496192559177,0.7317708333333334
2023-06-18,LYXe,0.07187817742790448,0.4596354166666667
2023-06-18,MAGIC,0.19074275043151312,0.86328125
2023-06-18,MAHA,0.10719589094812232,0.59375
2023-06-18,MANA,0.16934006826446013,0.8255208333333334
2023-06-18,MANC,-8.216367036117944e-05,0.21875
2023-06-18,MAPS,0.200175267784791,0.8828125
2023-06-18,MARSH,0.23963069497063105,0.9205729166666666
2023-06-18,MASK,0.022370148665965095,0.2981770833333333
2023-06-18,MATH,0.08129852326460285,0.4869791666666667
2023-06-18,MATIC,0.11850974608281195,0.6432291666666666
2023-06-18,MATTER,0.00036848435241365607,0.2265625
2023-06-18,MC,0.15116769336248703,0.76953125
2023-06-18,MCB,0.17182850543374184,0.8294270833333334
2023-06-18,MDA,0.08885906294301038,0.5182291666666666
2023-06-18,MDS,0.023344248405541057,0.30078125
2023-06-18,MDT,0.08214536833314812,0.4947916666666667
2023-06-18,MET,0.1848938836009144,0.8502604166666666
2023-06-18,META,0.13604337367710873,0.7213541666666666
2023-06-18,METIS,0.10382370963179977,0.5729166666666666
2023-06-18,MFT,0.08985094898342472,0.5247395833333334
2023-06-18,MIR,0.22578349840748713,0.9127604166666666
2023-06-18,MITX,0.21685598455158628,0.9088541666666666
2023-06-18,MIX,0.04607087450197622,0.3736979166666667
2023-06-18,MKR,0.05069856263251826,0.3932291666666667
2023-06-18,MLN,0.13026809517853266,0.7005208333333334
2023-06-18,MNW,-0.04868691280543447,0.09114583333333333
2023-06-18,MOC,0.13018365401325882,0.69921875
2023-06-18,MOD,0.00823021735035434,0.2565104166666667
2023-06-18,MPH,0.07357834760041415,0.4674479166666667
2023-06-18,MPL,0.24720630091672469,0.92578125
2023-06-18,MSB,0.044143292636822595,0.3619791666666667
2023-06-18,MTA,0.09370097780420483,0.5481770833333334
2023-06-18,MTH,0.023493942614369878,0.3020833333333333
2023-06-18,MTL,0.13013559073837677,0.6979166666666666
2023-06-18,MTN,-0.04768424614101485,0.09244791666666667
2023-06-18,MTV,0.11304869868679135,0.6158854166666666
2023-06-18,MUSE,0.1911917454365788,0.8645833333333334
2023-06-18,MV,-0.13123463912608546,0.03515625
2023-06-18,MVC,-0.01986654231637175,0.13932291666666666
2023-06-18,MVP,0.13205863066075962,0.7083333333333334
2023-06-18,MX,0.12207680702565415,0.6640625
2023-06-18,MXC,-0.0003727203848407079,0.21614583333333334
2023-06-18,MYB,0.08956158383665591,0.5221354166666666
2023-06-18,MYST,0.04231760259787509,0.3528645833333333
2023-06-18,NCASH,-0.2519979901378915,0.014322916666666666
2023-06-18,NCT,0.2729064671000947,0.9440104166666666
2023-06-18,NDX,0.11898190698134004,0.6497395833333334
2023-06-18,NEAR,0.1305910116409188,0.7018229166666666
2023-06-18,NEST,0.20100280353726618,0.8841145833333334
2023-06-18,NEXO,0.06291456002919094,0.4283854166666667
2023-06-18,NFTX,0.07241927031477591,0.4609375
2023-06-18,NIF,0.0005841252621072712,0.22981770833333334
2023-06-18,NIOX,0.0030567384217181637,0.24348958333333334
2023-06-18,NKN,0.19189589926586792,0.87109375
2023-06-18,NMR,0.13407451729866438,0.71484375
2023-06-18,NOIA,-0.040270453650060656,0.1015625
2023-06-18,NORD,0.0814501453765013,0.4895833333333333
2023-06-18,NOW,0.11833116201573701,0.6419270833333334
2023-06-18,NSURE,-0.12391263246164341,0.041666666666666664
2023-06-18,NTX,0.10728060505573467,0.5963541666666666
2023-06-18,NU,0.3576205977948448,0.9739583333333334
2023-06-18,NUM,-0.021426953191171605,0.1328125
2023-06-18,NUX,0.0006574428750063532,0.23567708333333334
2023-06-18,NVIR,-0.013819621490530065,0.15755208333333334
2023-06-18,NWC,0.014502613681912413,0.2734375
2023-06-18,NYM,0.021792990237880394,0.296875
2023-06-18,O3,0.2137621045040301,0.90234375
2023-06-18,OAX,0.113450290803637,0.6184895833333334
2023-06-18,OCEAN,0.05867443392001093,0.4127604166666667
2023-06-18,OCN,0.07795791619321091,0.4830729166666667
2023-06-18,OCTO,0.06395619476957526,0.4322916666666667
2023-06-18,OGN,0.15600706434988787,0.7838541666666666
2023-06-18,OIN,-0.13135219356643868,0.033854166666666664
2023-06-18,OKB,0.08443908917389686,0.5052083333333334
2023-06-18,OLT,0.031530341598632106,0.3190104166666667
2023-06-18,OM,0.12384871618698035,0.6692708333333334
2023-06-18,OMG,0.3055837653989082,0.9609375
2023-06-18,ONIT,0.04517319166670597,0.3697916666666667
2023-06-18,OOE,-0.025695542960743167,0.12760416666666666
2023-06-18,OOKI,0.12596874307409922,0.6770833333333334
2023-06-18,OPEN,-0.20294211950605257,0.020833333333333332
2023-06-18,OPIUM,0.117071075601338,0.6380208333333334
2023-06-18,OPUL,-0.060030715591748884,0.0703125
2023-06-18,ORAI,-0.006531409070680283,0.17838541666666666
2023-06-18,ORBS,0.14819752017633703,0.7591145833333334
2023-06-18,ORC,0.08808167578925974,0.515625
2023-06-18,ORION,0.04496048171641931,0.3658854166666667
2023-06-18,ORME,0.054151194809872516,0.4010416666666667
2023-06-18,ORN,0.08175102612547702,0.4921875
2023-06-18,OST,0.021348151285513373,0.29296875
2023-06-18,OUSD,0.0007692589323617938,0.23958333333333334
2023-06-18,OXT,0.05816338368145013,0.4114583333333333
2023-06-18,OXY,0.4968497344235161,0.98828125
2023-06-18,PAID,0.46349045334810257,0.9856770833333334
2023-06-18,PAINT,0.013224538628389348,0.2669270833333333
2023-06-18,PAXG,-0.010884146491006663,0.16666666666666666
2023-06-18,PAY,0.01949843599978296,0.2877604166666667
2023-06-18,PBR,0.24133069086323777,0.921875
2023-06-18,PDEX,0.1520365629899696,0.7721354166666666
2023-06-18,PEAK,0.025445741624139817,0.3072916666666667
2023-06-18,PEOPLE,0.16071384544149292,0.8059895833333334
2023-06-18,PERL,0.08447075898409406,0.5065104166666666
2023-06-18,PERP,0.23862581786728065,0.9192708333333334
2023-06-18,PHA,0.07046979101999806,0.4479166666666667
2023-06-18,PICKLE,-0.008871877680930118,0.17578125
2023-06-18,PKF,0.06312328738665585,0.4296875
2023-06-18,PKT,-0.05418573277865457,0.08203125
2023-06-18,PLA,0.18234874081106178,0.8463541666666666
2023-06-18,PLAY,-0.08268502606672623,0.057291666666666664
2023-06-18,PLR,0.12582592069219078,0.6744791666666666
2023-06-18,PLSPAD,0.17587146468729187,0.8372395833333334
2023-06-18,PMA,-0.001348748128611299,0.20703125
2023-06-18,PMGT,-0.03215898527357974,0.11458333333333333
2023-06-18,PNK,-0.03699930577319854,0.10677083333333333
2023-06-18,PNT,0.20747358213143352,0.89453125
2023-06-18,POLK,0.08997155628142983,0.5260416666666666
2023-06-18,POLS,0.14644294289677884,0.7526041666666666
2023-06-18,POLY,0.25086333475754463,0.9296875
2023-06-18,POND,0.10575832499684346,0.5872395833333334
2023-06-18,POOLZ,0.1038930895892296,0.57421875
2023-06-18,POWR,0.17778578893403774,0.8411458333333334
2023-06-18,PPAY,-0.35297560568079667,0.0026041666666666665
2023-06-18,PPT,0.051532308958119444,0.39453125
2023-06-18,PRE,0.046935045929029195,0.3776041666666667
2023-06-18,PRO,0.0908573701668125,0.53125
2023-06-18,PROB,-0.055101882590622875,0.08072916666666667
2023-06-18,PROM,0.049100327754986184,0.3854166666666667
2023-06-18,PROPS,0.005539799055206185,0.24739583333333334
2023-06-18,PROS,0.09000999247417063,0.52734375
2023-06-18,PRQ,0.06251905653686385,0.42578125
2023-06-18,PSP,0.07057431792751534,0.44921875
2023-06-18,PST,-0.03713152617757953,0.10546875
2023-06-18,PTF,0.43009645311914557,0.9830729166666666
2023-06-18,PUNDIX,0.1276316116108358,0.68359375
2023-06-18,PUSH,0.008862945994414506,0.2604166666666667
2023-06-18,PYR,0.06705510704542816,0.4361979166666667
2023-06-18,PlotX,0.07023645778673915,0.4453125
2023-06-18,QASH,-0.15835729277889765,0.02734375
2023-06-18,QKC,0.10732248889436624,0.5989583333333334
2023-06-18,QNT,0.06371743800109275,0.4309895833333333
2023-06-18,QOM,0.1354739389415731,0.7200520833333334
2023-06-18,QRDO,0.08378654494395765,0.5
2023-06-18,QSP,0.07360488717221547,0.46875
2023-06-18,QUICK,0.29215948388675983,0.95703125
2023-06-18,RACA,0.08973172353374737,0.5234375
2023-06-18,RAD,-0.012046241953395431,0.16276041666666666
2023-06-18,RAGE,0.11887143982827175,0.6471354166666666
2023-06-18,RAI,-0.0012215015161765042,0.20833333333333334
2023-06-18,RAMP,0.04018999329979689,0.3450520833333333
2023-06-18,RARE,0.11142541219581914,0.6106770833333334
2023-06-18,RARI,0.1299353066700215,0.6966145833333334
2023-06-18,RATING,0.13770088069678255,0.7278645833333334
2023-06-18,RAY,0.1558951738173182,0.7825520833333334
2023-06-18,RAZE,0.3296929723951667,0.9661458333333334
2023-06-18,RAZOR,0.007665425679796778,0.25390625
2023-06-18,RBLX,-0.26191128365232386,0.013020833333333334
2023-06-18,RBN,0.06886423200922165,0.4427083333333333
2023-06-18,RCN,0.08840431214783329,0.5169270833333334
2023-06-18,RDN,0.2488140355521502,0.9270833333333334
2023-06-18,REAP,0.21077599771358435,0.8997395833333334
2023-06-18,REEF,0.1716125431004285,0.828125
2023-06-18,REM,0.060043323398011994,0.4192708333333333
2023-06-18,REN,0.25201816589981085,0.9322916666666666
2023-06-18,REP,0.02074913536523848,0.2903645833333333
2023-06-18,REQ,0.11497596583785774,0.625
2023-06-18,REV,-0.09220651575332284,0.053385416666666664
2023-06-18,REVV,0.02964891995972052,0.3125
2023-06-18,RFOX,-0.002550093425355615,0.19791666666666666
2023-06-18,RFR,0.05043452920838809,0.390625
2023-06-18,RGT,-0.058608213230475714,0.07552083333333333
2023-06-18,RING,0.07005790850037719,0.4440104166666667
2023-06-18,RISE,0.04192867087077379,0.3515625
2023-06-18,RLC,0.14193724643269778,0.734375
2023-06-18,RLY,-0.02251549144799403,0.13151041666666666
2023-06-18,RNDR,0.04673021427692703,0.375
2023-06-18,ROO,-0.004221030783147617,0.1953125
2023-06-18,ROOK,-0.05865707151767874,0.07291666666666667
2023-06-18,ROUTE,0.07162129168268572,0.45703125
2023-06-18,RPL,-0.05871189702950308,0.07161458333333333
2023-06-18,RSR,0.17771076039952027,0.83984375
2023-06-18,RSS3,0.09780317460912835,0.5598958333333334
2023-06-18,RTH,0.19285025158260405,0.8736979166666666
2023-06-18,RUFF,0.1212230460851833,0.6549479166666666
2023-06-18,RUNE,0.21061927284557225,0.8984375
2023-06-18,SAITAMA,0.11339903872976587,0.6171875
2023-06-18,SAITO,0.07399704380020711,0.4713541666666667
2023-06-18,SAKE,0.013605351604230709,0.26953125
2023-06-18,SALT,0.2850789055377936,0.9518229166666666
2023-06-18,SAN,0.12197618100439755,0.6575520833333334
2023-06-18,SAND,0.14596569988225494,0.7486979166666666
2023-06-18,SDAO,0.1683284439880699,0.8190104166666666
2023-06-18,SDT,0.145170098673171,0.7447916666666666
2023-06-18,SEELE,0.6130033044303389,0.9921875
2023-06-18,SENC,-0.020350261460430397,0.13802083333333334
2023-06-18,SENSO,0.13691288268490087,0.7252604166666666
2023-06-18,SFI,0.10727199369978879,0.5950520833333334
2023-06-18,SHIB,0.09034125311598373,0.5286458333333334
2023-06-18,SHOPX,0.032246218021252826,0.3203125
2023-06-18,SHR,-0.011432973688696113,0.16536458333333334
2023-06-18,SHROOM,0.013956697635452375,0.2708333333333333
2023-06-18,SIDUS,0.059768583014631727,0.4166666666666667
2023-06-18,SKEY,0.09131109008642402,0.5338541666666666
2023-06-18,SKL,0.1524108714213246,0.7734375
2023-06-18,SKM,-0.005576044078483222,0.18880208333333334
2023-06-18,SLP,0.14508760940161536,0.7434895833333334
2023-06-18,SMT,-0.017410403255492035,0.14583333333333334
2023-06-18,SMTY,0.026370244342513338,0.3098958333333333
2023-06-18,SNC,0.16506247111144678,0.8138020833333334
2023-06-18,SNET,0.01693839774042072,0.28125
2023-06-18,SNM,0.27047527283800266,0.9401041666666666
2023-06-18,SNOW,0.18496648084349832,0.8528645833333334
2023-06-18,SNT,0.15093080045144647,0.7682291666666666
2023-06-18,SNTVT,0.13126402378943802,0.7044270833333334
2023-06-18,SNX,0.21293262432469207,0.9010416666666666
2023-06-18,SOCKS,0.02154611104687243,0.2955729166666667
2023-06-18,SOFI,0.04884632913236886,0.3841145833333333
2023-06-18,SOL,0.09918839703598303,0.5638020833333334
2023-06-18,SOLVE,0.17271777746443462,0.83203125
2023-06-18,SOS,0.10921871250280346,0.6028645833333334
2023-06-18,SPA,0.047317863968524776,0.37890625
2023-06-18,SPC,0.09840493027961594,0.5611979166666666
2023-06-18,SPELL,0.08394782225508113,0.5013020833333334
2023-06-18,SPH,0.01902324044693926,0.2864583333333333
2023-06-18,SPS,0.021270900210479837,0.2916666666666667
2023-06-18,SRK,0.03597564386271923,0.3294270833333333
2023-06-18,SRM,1.3053885596943182,1.0
2023-06-18,SRN,0.33695877377299843,0.96875
2023-06-18,SSP,0.0005841252621072712,0.22981770833333334
2023-06-18,SSV,0.09090994688996945,0.5325520833333334
2023-06-18,STACK,0.09313119489814947,0.5442708333333334
2023-06-18,STAKE,0.006633517357636398,0.25
2023-06-18,STANDARD,-0.057050156267606233,0.078125
2023-06-18,STARL,0.29850655252258607,0.9596354166666666
2023-06-18,STG,0.10452540837216828,0.578125
2023-06-18,STMX,0.1715873830330199,0.8268229166666666
2023-06-18,STORJ,0.20714717699696394,0.8932291666666666
2023-06-18,STORM,0.18213196490832084,0.8450520833333334
2023-06-18,STPT,0.16461776032351416,0.8111979166666666
2023-06-18,STRONG,0.14630674887695494,0.75
2023-06-18,SUB,-0.16136460740555725,0.026041666666666668
2023-06-18,SUKU,0.053129189273580124,0.3997395833333333
2023-06-18,SUPER,0.09314638518674268,0.5455729166666666
2023-06-18,SURE,0.05010363608221269,0.3893229166666667
2023-06-18,SUSD,-0.006041439745157362,0.18489583333333334
2023-06-18,SUSHI,0.17536807063363247,0.8359375
2023-06-18,SUTER,0.9320353793376339,0.9986979166666666
2023-06-18,SWAP,0.04534474091895713,0.37109375
2023-06-18,SWEAT,0.1274846282426263,0.6822916666666666
2023-06-18,SWFTC,0.07330696695437933,0.4661458333333333
2023-06-18,SWRV,0.007986110806700086,0.2552083333333333
2023-06-18,SXP,0.10937188373684092,0.6041666666666666
2023-06-18,T,0.3335697386212191,0.9674479166666666
2023-06-18,TAU,-0.006264645923790058,0.18229166666666666
2023-06-18,TCH,-0.016767044540123344,0.1484375
2023-06-18,TCT,-0.021399586648580993,0.13411458333333334
2023-06-18,TEL,0.14542467909068812,0.74609375
2023-06-18,TEN,0.0023191074358019925,0.2421875
2023-06-18,TFB,-0.05137340158476589,0.08723958333333333
2023-06-18,THN,0.0940508627743375,0.5520833333333334
2023-06-18,TIDAL,0.2727510931503465,0.94140625
2023-06-18,TIME,0.03719592931656335,0.3333333333333333
2023-06-18,TITAN,0.11907511548703154,0.6510416666666666
2023-06-18,TKN,-0.08066499956029882,0.05859375
2023-06-18,TLM,0.1596715044069994,0.8020833333333334
2023-06-18,TMTG,-0.32743863932404893,0.006510416666666667
2023-06-18,TNB,0.03804489192274341,0.33984375
2023-06-18,TOKE,0.09237557142339581,0.5403645833333334
2023-06-18,TOKO,0.05792189376150669,0.41015625
2023-06-18,TOMI,-0.1077639598338278,0.049479166666666664
2023-06-18,TON,0.16896725882047225,0.8229166666666666
2023-06-18,TONE,0.15485236447699036,0.7786458333333334
2023-06-18,TOP,0.11609744053325621,0.6328125
2023-06-18,TORN,0.14879185666589878,0.76171875
2023-06-18,TOTM,-0.05861491364501992,0.07421875
2023-06-18,TOWER,0.06062999023774518,0.4205729166666667
2023-06-18,TPT,-0.009768904591662797,0.17317708333333334
2023-06-18,TRAC,0.10429801405181127,0.5768229166666666
2023-06-18,TRADE,-0.33159360053341724,0.00390625
2023-06-18,TRB,0.25053436487018166,0.9283854166666666
2023-06-18,TRIAS,0.2552581894259083,0.93359375
2023-06-18,TRIBE,0.008607348857170072,0.2591145833333333
2023-06-18,TRR,-0.11579247303863172,0.046875
2023-06-18,TRU,0.20379888726548323,0.8893229166666666
2023-06-18,TRX,0.043951351973038566,0.3606770833333333
2023-06-18,TSUKA,0.2736041818547108,0.9453125
2023-06-18,TUSD,-0.002279185668914274,0.203125
2023-06-18,TVK,0.0955777247643097,0.5559895833333334
2023-06-18,UBEX,0.09073382087510407,0.5299479166666666
2023-06-18,UBT,0.1445267514240638,0.7408854166666666
2023-06-18,UDO,-0.019581827579946087,0.140625
2023-06-18,UFO,0.02558172268273573,0.30859375
2023-06-18,UFT,0.10920670080020778,0.6015625
2023-06-18,UMA,0.12965900115912699,0.6940104166666666
2023-06-18,UMB,0.08913672186090849,0.5208333333333334
2023-06-18,UNCX,0.2882161482341503,0.9544270833333334
2023-06-18,UND,0.6692776732365693,0.9947916666666666
2023-06-18,UNFI,0.1688401754535851,0.8216145833333334
2023-06-18,UNI,0.21485387011997514,0.9036458333333334
2023-06-18,UNISTAKE,0.1830051370374126,0.84765625
2023-06-18,UOS,0.1337584017681379,0.7135416666666666
2023-06-18,UPP,0.11194728876461402,0.6119791666666666
2023-06-18,UQC,0.11518626524049047,0.62890625
2023-06-18,URQA,-0.005475510801014938,0.19010416666666666
2023-06-18,URUS,-0.016633790893773592,0.14973958333333334
2023-06-18,USDC,8.405561159285924e-05,0.22265625
2023-06-18,USDP,0.0007088282176470617,0.23697916666666666
2023-06-18,USDT,0.0006412138356566288,0.234375
2023-06-18,USTC,0.055871220907335095,0.4049479166666667
2023-06-18,UTK,0.11039605111792117,0.6067708333333334
2023-06-18,UUU,0.11041160138727824,0.6080729166666666
2023-06-18,VEE,0.6303952626837235,0.9934895833333334
2023-06-18,VEGA,-0.06983472028572624,0.06770833333333333
2023-06-18,VEMP,-0.14235193847361816,0.029947916666666668
2023-06-18,VGX,0.1952619427426936,0.8802083333333334
2023-06-18,VIB,0.11352126050609712,0.62109375
2023-06-18,VIBE,-0.05856959863806488,0.07682291666666667
2023-06-18,VID,-0.0063652365331449134,0.1796875
2023-06-18,VIDY,0.06560490837835076,0.4348958333333333
2023-06-18,VIDYA,0.11856667647502639,0.64453125
2023-06-18,VITE,0.10699939374418244,0.5924479166666666
2023-06-18,VOLT,0.049315217423376856,0.3880208333333333
2023-06-18,VR,-0.02615777253406959,0.125
2023-06-18,VRA,0.2727783781312969,0.9427083333333334
2023-06-18,VSP,-0.022682186344868183,0.13020833333333334
2023-06-18,VXV,0.03741880367546302,0.3359375
2023-06-18,WAIT,-0.05292051723967084,0.0859375
2023-06-18,WBTC,0.15611171406829172,0.78515625
2023-06-18,WHALE,0.10054929695561499,0.56640625
2023-06-18,WHITE,0.06242202828830634,0.4244791666666667
2023-06-18,WIKEN,0.043885768144403814,0.359375
2023-06-18,WILD,0.04335525235192916,0.35546875
2023-06-18,WINGS,0.1219761810044584,0.6588541666666666
2023-06-18,WNCG,-0.0014948024574041874,0.20572916666666666
2023-06-18,WOM,0.08196687057105789,0.4934895833333333
2023-06-18,WOO,0.16898842685690685,0.82421875
2023-06-18,WOZX,0.06530712053514343,0.43359375
2023-06-18,WPR,-0.0006350751841428526,0.21354166666666666
2023-06-18,WRLD,-0.13610765571583738,0.03125
2023-06-18,WTC,0.11735824520089744,0.6393229166666666
2023-06-18,XAUT,-0.012916946037548338,0.16015625
2023-06-18,XBP,0.12197618101834018,0.6627604166666666
2023-06-18,XCAD,0.05998856083756654,0.41796875
2023-06-18,XCHF,-0.002503138024996132,0.19921875
2023-06-18,XCN,0.3246876840579853,0.96484375
2023-06-18,XDB,-0.005120831185058905,0.19270833333333334
2023-06-18,XDC,0.009151671233938119,0.26171875
2023-06-18,XDEFI,-0.11908544459534864,0.044270833333333336
2023-06-18,XED,0.004974532587983527,0.24479166666666666
2023-06-18,XEND,0.01599647017777328,0.27734375
2023-06-18,XFT,-0.07443051947762591,0.06510416666666667
2023-06-18,XIO,0.17975047667394906,0.8424479166666666
2023-06-18,XLM,0.15281825529855952,0.7747395833333334
2023-06-18,XMON,0.06290645320343402,0.4270833333333333
2023-06-18,XMR,0.19059440562507812,0.8606770833333334
2023-06-18,XMX,0.11515399685648653,0.6276041666666666
2023-06-18,XOR,-0.2745290915596287,0.009114583333333334
2023-06-18,XPR,0.07063970444523027,0.4505208333333333
2023-06-18,XRP,0.005447810895370386,0.24609375
2023-06-18,XRT,-0.019538502903589827,0.14192708333333334
2023-06-18,XSGD,-0.016795519623363453,0.14713541666666666
2023-06-18,XSR,0.0005841252621074933,0.232421875
2023-06-18,XTZ,0.14426082773815363,0.73828125
2023-06-18,XYO,0.08163137985849689,0.4908854166666667
2023-06-18,YF-DAI,0.11609390377370898,0.6315104166666666
2023-06-18,YFI,0.16857741762561762,0.8203125
2023-06-18,YFII,0.10485338611757355,0.58203125
2023-06-18,YGG,0.20150582911923953,0.8854166666666666
2023-06-18,YLD,-0.04196275716209674,0.09895833333333333
2023-06-18,YVS,-0.03876950241719246,0.10286458333333333
2023-06-18,ZAP,-0.03340310789776646,0.11197916666666667
2023-06-18,ZCN,-0.08012540809689772,0.059895833333333336
2023-06-18,ZEC,0.18370036814889268,0.8489583333333334
2023-06-18,ZEE,-0.006033218222763259,0.18619791666666666
2023-06-18,ZIG,0.018756837573171037,0.28515625
2023-06-18,ZKS,0.06843274462128401,0.4401041666666667
2023-06-18,ZLW,0.29214798636152484,0.9557291666666666
2023-06-18,ZMN,0.045155033617844564,0.3684895833333333
2023-06-18,ZORA,0.04316884159254686,0.3541666666666667
2023-06-18,ZRX,0.18826298868740388,0.8567708333333334
2023-06-18,ZSC,-0.01205255944482686,0.16145833333333334
2023-06-18,ZYN,-4.3306381364960345e-05,0.22005208333333334
2023-06-18,eRSDL,0.14596494223523715,0.7473958333333334
2023-06-18,stETH,0.1004088558909173,0.5651041666666666
