date,symbol,return
2024-09-08,AAVE,0.14202474030605972
2024-09-08,ADA,-0.00043983222082888407
2024-09-08,ALGO,0.01029520407144302
2024-09-08,APE,-0.019317801886678865
2024-09-08,APT,-0.02642998743670577
2024-09-08,ATOM,0.06826081689869423
2024-09-08,AVAX,0.026870745964468368
2024-09-08,AXS,0.05750547679975715
2024-09-08,BAL,0.0870880271310539
2024-09-08,BCH,0.03727070356618434
2024-09-08,BLUR,0.02658764691681914
2024-09-08,BNB,0.1011909862225413
2024-09-08,BONK,0.004760701800953671
2024-09-08,BTC,0.07900073665217522
2024-09-08,C98,0.04381445981936394
2024-09-08,CAKE,0.0941056973747374
2024-09-08,COMP,0.035690638838066224
2024-09-08,CRV,-0.038407899774397736
2024-09-08,CVX,-0.05130108340985862
2024-09-08,DAI,-0.00021122339900492282
2024-09-08,DAO,0.03746560513408537
2024-09-08,DOGE,0.07137087373154793
2024-09-08,DOT,0.05717468074291965
2024-09-08,DYDX,0.012012951654850834
2024-09-08,EOS,0.004860854586234309
2024-09-08,ETC,-0.006718396835145746
2024-09-08,ETH,0.010110386668360283
2024-09-08,FET,0.21824943825423526
2024-09-08,FIL,0.012755791931035931
2024-09-08,FRAX,0.0005017972632843648
2024-09-08,FTM,0.22908138537558753
2024-09-08,FXS,0.0013709290205781155
2024-09-08,GRT,0.046958703060890006
2024-09-08,HAI,-0.018167100637480837
2024-09-08,HERO,0.0999584210474711
2024-09-08,ICP,0.12368780848091854
2024-09-08,IMX,0.06723519285489488
2024-09-08,INJ,0.1520175302192759
2024-09-08,LDO,0.05309934207449629
2024-09-08,LINK,0.04723596131193597
2024-09-08,LTC,0.040072910458277766
2024-09-08,MATIC,0.02032442789978961
2024-09-08,MAV,0.004377059995632981
2024-09-08,MBOX,-0.016149567890743066
2024-09-08,MKR,-0.0012371806263739016
2024-09-08,MOON,0.04012788153373403
2024-09-08,NEAR,0.07246213586328665
2024-09-08,OP,0.04024403295655121
2024-09-08,PENDLE,0.18483710388697272
2024-09-08,PEPE,0.043585252771665584
2024-09-08,PERP,0.07534994077444934
2024-09-08,PIT,0.07224329076206759
2024-09-08,POLS,-0.08050284294982912
2024-09-08,PYTH,0.0654811361906178
2024-09-08,QUACK,0.051978719349877744
2024-09-08,RDNT,-0.06825883644776554
2024-09-08,RNDR,0.017426417508193737
2024-09-08,RPL,0.04603481132901743
2024-09-08,RUNE,0.10808926455489498
2024-09-08,SFP,-0.0015539850938102173
2024-09-08,SFUND,0.07775078028421634
2024-09-08,SHIB,0.024589770539515055
2024-09-08,SOL,0.011678554006554709
2024-09-08,STG,0.09997669773968987
2024-09-08,SUI,0.15198283999250783
2024-09-08,SUSHI,0.09278839851599385
2024-09-08,TIA,0.18446337430491222
2024-09-08,TOKEN,-0.0002549670868290388
2024-09-08,TRX,-0.027641829706400944
2024-09-08,UNI,0.029830932293859247
2024-09-08,USDT,-6.525513342159339e-05
2024-09-08,XLM,0.058243663518202204
2024-09-08,XMR,-0.009941527931632166
2024-09-08,XRP,0.07871481612147413
2024-09-08,XTZ,0.016254741325152144
2024-09-08,XVS,0.08305139582813137
2024-09-08,YFI,-0.0037716104569686104
